{"tt1.jpg163945":{"filename":"tt1.jpg","size":163945,"regions":[{"shape_attributes":{"name":"polygon","all_points_x":[180,161,153,151,173,179,137,103,103,96,105,124,163],"all_points_y":[93,159,195,263,287,318,323,313,258,221,157,131,106]},"region_attributes":{"t_shirt":"t2"}},{"shape_attributes":{"name":"polygon","all_points_x":[484,469,460,455,463,471,581,567,537,501],"all_points_y":[95,125,173,218,254,315,305,153,98,78]},"region_attributes":{"t_shirt":"t2"}},{"shape_attributes":{"name":"polygon","all_points_x":[296,243,229,227,236,251,273,313,371,401,405,372,311],"all_points_y":[138,129,133,73,38,57,69,69,25,46,54,90,145]},"region_attributes":{"t_shirt":"t1"}},{"shape_attributes":{"name":"polygon","all_points_x":[281,403,479,453,481,453,469,496,405,379,315,229,227,177,159,149,175,175,188,175],"all_points_y":[662,661,635,481,330,195,121,77,47,83,143,130,70,98,173,257,285,303,419,635]},"region_attributes":{"t_shirt":"t3"}}],"file_attributes":{}},"tt2.jpg150988":{"filename":"tt2.jpg","size":150988,"regions":[{"shape_attributes":{"name":"polygon","all_points_x":[266,284,296,312,296,241,186,127,131,201,217,229],"all_points_y":[177,232,324,376,480,478,462,442,407,261,214,204]},"region_attributes":{"t_shirt":"t2"}},{"shape_attributes":{"name":"polygon","all_points_x":[837,813,779,780,942,883,887,850],"all_points_y":[178,333,457,468,403,246,225,178]},"region_attributes":{"t_shirt":"t2"}},{"shape_attributes":{"name":"polygon","all_points_x":[415,412,454,507,561,628,676,702,714,676,605,519,436,410],"all_points_y":[110,140,161,184,195,186,161,124,107,89,101,98,88,94]},"region_attributes":{"t_shirt":"t1"}},{"shape_attributes":{"name":"polygon","all_points_x":[291,394,460,623,756,801,795,785,786,773,760,756,771,839,711,674,617,561,466,406,412,270,290,306,327,315,318,315,294],"all_points_y":[997,1035,1037,1031,1000,1000,886,822,747,662,590,522,463,172,104,164,192,198,167,140,101,174,264,349,406,570,644,714,774]},"region_attributes":{"t_shirt":"t3"}}],"file_attributes":{}},"tt3.jpg202264":{"filename":"tt3.jpg","size":202264,"regions":[{"shape_attributes":{"name":"polygon","all_points_x":[183,211,224,195,87,136,176],"all_points_y":[190,239,382,428,375,264,178]},"region_attributes":{"t_shirt":"t2"}},{"shape_attributes":{"name":"polygon","all_points_x":[606,588,577,568,560,596,704,656,614],"all_points_y":[184,223,288,341,386,429,379,264,190]},"region_attributes":{"t_shirt":"t2"}},{"shape_attributes":{"name":"polygon","all_points_x":[305,335,348,385,431,456,482,491,476,412,314,299],"all_points_y":[167,187,202,215,208,192,164,139,117,133,117,149]},"region_attributes":{"t_shirt":"t1"}},{"shape_attributes":{"name":"polygon","all_points_x":[285,181,205,217,226,226,211,299,364,429,482,571,580,559,584,603,507,485,460,423,376,326],"all_points_y":[146,181,229,292,394,504,777,801,801,799,794,782,776,385,239,184,146,145,192,211,215,190]},"region_attributes":{"t_shirt":"t3"}},{"shape_attributes":{"name":"polygon","all_points_x":[926,932,948,928,925,1022,1158,1292,1273,1285,1316,1199,1133,1063,1009],"all_points_y":[181,317,420,658,783,799,798,783,386,237,184,146,156,150,137]},"region_attributes":{"t_shirt":"t4"}}],"file_attributes":{}},"tt4.jpg132279":{"filename":"tt4.jpg","size":132279,"regions":[{"shape_attributes":{"name":"polygon","all_points_x":[271,283,300,347,232,113,145,179,254],"all_points_y":[215,296,464,643,669,641,405,237,194]},"region_attributes":{"t_shirt":"t2"}},{"shape_attributes":{"name":"polygon","all_points_x":[1212,1193,1185,1174,1168,1170,1387,1355,1313,1242],"all_points_y":[224,320,405,548,601,669,612,475,320,234]},"region_attributes":{"t_shirt":"t2"}},{"shape_attributes":{"name":"polygon","all_points_x":[1012,957,577,441,535,612,682,765,825,914],"all_points_y":[115,245,271,100,19,130,160,181,164,21]},"region_attributes":{"t_shirt":"t1"}},{"shape_attributes":{"name":"polygon","all_points_x":[1140,398,366,309,264,441,563,952,1014,1195],"all_points_y":[1462,1479,652,479,185,104,271,251,115,215]},"region_attributes":{"t_shirt":"t3"}}],"file_attributes":{}},"tt5.jpg9831":{"filename":"tt5.jpg","size":9831,"regions":[{"shape_attributes":{"name":"polygon","all_points_x":[51,52,39,2,50],"all_points_y":[18,90,105,72,19]},"region_attributes":{"t_shirt":"t2"}},{"shape_attributes":{"name":"polygon","all_points_x":[174,177,223,194],"all_points_y":[74,20,64,102]},"region_attributes":{"t_shirt":"t2"}},{"shape_attributes":{"name":"polygon","all_points_x":[89,92,104,116,124,132,140,142,133,130,130,129,125,117,109,106,101,99,98,98],"all_points_y":[6,26,37,38,35,26,14,6,2,2,8,18,24,28,28,26,24,17,5,2]},"region_attributes":{"t_shirt":"t1"}},{"shape_attributes":{"name":"polygon","all_points_x":[178,176,172,177,161,143,138,127,116,103,91,89,51,53,52],"all_points_y":[222,90,88,21,8,6,18,32,38,36,26,5,18,90,221]},"region_attributes":{"t_shirt":"t3"}}],"file_attributes":{}},"tt6.jpg23449":{"filename":"tt6.jpg","size":23449,"regions":[{"shape_attributes":{"name":"polygon","all_points_x":[107,117,136,139,116,73,85,97],"all_points_y":[91,166,194,210,217,203,129,95]},"region_attributes":{"t_shirt":"t2"}},{"shape_attributes":{"name":"polygon","all_points_x":[396,381,368,359,373,445,428,405],"all_points_y":[73,99,127,179,215,199,119,82]},"region_attributes":{"t_shirt":"t2"}},{"shape_attributes":{"name":"polygon","all_points_x":[275,303,289,256,232,208,195,195,184,177,183,187],"all_points_y":[77,34,9,51,62,57,38,27,41,47,70,75]},"region_attributes":{"t_shirt":"t1"}},{"shape_attributes":{"name":"polygon","all_points_x":[128,212,301,357,376,352,363,369,355,371,399,299,289,185,181,111,112,136,147],"all_points_y":[474,493,490,475,453,326,235,205,165,119,69,39,74,74,53,83,159,190,265]},"region_attributes":{"t_shirt":"t3"}}],"file_attributes":{}},"tt7.jpg15601":{"filename":"tt7.jpg","size":15601,"regions":[{"shape_attributes":{"name":"polygon","all_points_x":[103,144,137,91,69,83,95],"all_points_y":[81,133,234,237,229,99,85]},"region_attributes":{"t_shirt":"t2"}},{"shape_attributes":{"name":"polygon","all_points_x":[387,360,367,429,423,397],"all_points_y":[78,118,235,230,110,78]},"region_attributes":{"t_shirt":"t2"}},{"shape_attributes":{"name":"polygon","all_points_x":[179,197,237,300,325,301,264,241,199],"all_points_y":[26,85,75,81,25,7,50,51,1]},"region_attributes":{"t_shirt":"t1"}},{"shape_attributes":{"name":"polygon","all_points_x":[359,140,145,101,185,195,301,323,387,359],"all_points_y":[493,491,129,79,26,78,79,33,71,115]},"region_attributes":{"t_shirt":"t3"}}],"file_attributes":{}},"tt8.jpg322222":{"filename":"tt8.jpg","size":322222,"regions":[{"shape_attributes":{"name":"polygon","all_points_x":[274,301,280,244,125],"all_points_y":[169,195,429,445,344]},"region_attributes":{"t_shirt":"t2"}},{"shape_attributes":{"name":"polygon","all_points_x":[716,686,705,732,875],"all_points_y":[152,197,419,440,344]},"region_attributes":{"t_shirt":"t2"}},{"shape_attributes":{"name":"polygon","all_points_x":[386,438,499,551,578,592,568,547,501,467,416,416],"all_points_y":[121,200,220,206,146,105,95,166,180,179,124,101]},"region_attributes":{"t_shirt":"t1"}},{"shape_attributes":{"name":"polygon","all_points_x":[284,693,700,682,714,589,561,494,438,375,280,300],"all_points_y":[905,906,384,186,152,92,209,226,202,111,161,189]},"region_attributes":{"t_shirt":"t3"}}],"file_attributes":{}},"tt9.jpg37860":{"filename":"tt9.jpg","size":37860,"regions":[{"shape_attributes":{"name":"polygon","all_points_x":[96,115,111,103,93,53,45,80],"all_points_y":[44,105,145,172,177,165,147,57]},"region_attributes":{"t_shirt":"t2"}},{"shape_attributes":{"name":"polygon","all_points_x":[313,294,291,291,306,347,358,325],"all_points_y":[52,92,147,174,181,162,150,74]},"region_attributes":{"t_shirt":"t2"}},{"shape_attributes":{"name":"polygon","all_points_x":[251,226,195,167,152,145,155,166,184,205,219,246,257],"all_points_y":[19,41,47,41,25,14,5,23,30,33,25,5,13]},"region_attributes":{"t_shirt":"t1"}},{"shape_attributes":{"name":"polygon","all_points_x":[93,129,174,241,291,293,289,293,280,287,293,315,255,211,166,145,95,112,115,111],"all_points_y":[361,377,383,385,370,342,302,267,223,172,91,53,12,47,42,11,43,97,153,207]},"region_attributes":{"t_shirt":"t3"}}],"file_attributes":{}},"tt10.jpg24110":{"filename":"tt10.jpg","size":24110,"regions":[{"shape_attributes":{"name":"polygon","all_points_x":[77,85,89,86,43,56,70],"all_points_y":[41,77,102,137,127,61,47]},"region_attributes":{"t_shirt":"t2"}},{"shape_attributes":{"name":"polygon","all_points_x":[257,251,247,245,280,281,271,270],"all_points_y":[42,77,111,140,132,106,55,55]},"region_attributes":{"t_shirt":"t2"}},{"shape_attributes":{"name":"polygon","all_points_x":[195,177,157,134,123,149,171,194,214,203,197],"all_points_y":[3,22,22,5,22,49,53,49,25,17,5]},"region_attributes":{"t_shirt":"t1"}},{"shape_attributes":{"name":"polygon","all_points_x":[93,157,235,246,233,243,257,211,195,175,147,122,77,91,87,83,91],"all_points_y":[303,313,309,299,259,137,38,23,49,54,49,20,39,95,145,173,230]},"region_attributes":{"t_shirt":"t3"}},{"shape_attributes":{"name":"polygon","all_points_x":[361,381,379,368,543,533,529,549,491,454,416],"all_points_y":[46,151,249,327,329,271,150,53,25,29,23]},"region_attributes":{"t_shirt":"t4"}}],"file_attributes":{}},"tt18.jpg13148":{"filename":"tt18.jpg","size":13148,"regions":[{"shape_attributes":{"name":"polygon","all_points_x":[133,143,141,127,89,131],"all_points_y":[53,79,125,140,103,52]},"region_attributes":{"t_shirt":"t2"}},{"shape_attributes":{"name":"polygon","all_points_x":[266,259,259,272,309],"all_points_y":[56,82,123,142,107]},"region_attributes":{"t_shirt":"t2"}},{"shape_attributes":{"name":"polygon","all_points_x":[167,183,216,232,218,210,199,179],"all_points_y":[31,61,60,31,18,47,52,21]},"region_attributes":{"t_shirt":"t1"}},{"shape_attributes":{"name":"polygon","all_points_x":[139,261,258,259,266,229,219,183,166,133,144],"all_points_y":[231,237,123,85,54,29,58,63,33,50,79]},"region_attributes":{"t_shirt":"t3"}}],"file_attributes":{}},"tt19.jpg64036":{"filename":"tt19.jpg","size":64036,"regions":[{"shape_attributes":{"name":"polygon","all_points_x":[57,97,97,81,27,33,47],"all_points_y":[86,203,238,243,233,110,87]},"region_attributes":{"t_shirt":"t2"}},{"shape_attributes":{"name":"polygon","all_points_x":[371,345,331,333,359,399,389,381],"all_points_y":[91,182,225,238,245,233,115,98]},"region_attributes":{"t_shirt":"t2"}},{"shape_attributes":{"name":"polygon","all_points_x":[287,281,255,176,165,132,159,204,233,268,284],"all_points_y":[31,49,81,77,74,25,5,59,57,7,30]},"region_attributes":{"t_shirt":"t1"}},{"shape_attributes":{"name":"polygon","all_points_x":[104,344,328,368,287,261,163,132,57,97],"all_points_y":[527,529,230,82,26,79,74,26,81,203]},"region_attributes":{"t_shirt":"t3"}}],"file_attributes":{}},"tt20.jpg48633":{"filename":"tt20.jpg","size":48633,"regions":[{"shape_attributes":{"name":"polygon","all_points_x":[73,140,134,33,23,66,72,129],"all_points_y":[128,281,391,384,262,131,126,254]},"region_attributes":{"t_shirt":"t2"}},{"shape_attributes":{"name":"polygon","all_points_x":[625,545,557,660,651,645],"all_points_y":[138,302,396,394,225,167]},"region_attributes":{"t_shirt":"t2"}},{"shape_attributes":{"name":"polygon","all_points_x":[254,230,212,261,305,332,371,409,444,496,451,443,438,418,374,314,259],"all_points_y":[47,66,118,104,128,170,161,122,123,124,28,26,71,100,129,129,31]},"region_attributes":{"t_shirt":"t1"}},{"shape_attributes":{"name":"polygon","all_points_x":[154,529,519,543,622,488,480,418,366,317,281,250,207,230,77,134,150,165],"all_points_y":[826,825,577,300,141,75,123,119,166,171,114,104,122,59,123,268,365,492]},"region_attributes":{"t_shirt":"t3"}}],"file_attributes":{}},"tt21.jpg10054":{"filename":"tt21.jpg","size":10054,"regions":[{"shape_attributes":{"name":"polygon","all_points_x":[97,107,101,83,53,66,78],"all_points_y":[41,95,139,138,122,68,50]},"region_attributes":{"t_shirt":"t2"}},{"shape_attributes":{"name":"polygon","all_points_x":[296,282,283,323,331,328,312],"all_points_y":[52,132,146,137,130,81,59]},"region_attributes":{"t_shirt":"t2"}},{"shape_attributes":{"name":"polygon","all_points_x":[147,187,214,241,237,197,153],"all_points_y":[25,54,54,25,7,33,11]},"region_attributes":{"t_shirt":"t1"}},{"shape_attributes":{"name":"polygon","all_points_x":[110,285,272,277,283,297,243,217,215,185,143,97,107,104,117,112,104],"all_points_y":[377,375,228,141,132,50,25,49,55,54,21,42,89,137,226,325,364]},"region_attributes":{"t_shirt":"t3"}}],"file_attributes":{}},"tt22.jpg17906":{"filename":"tt22.jpg","size":17906,"regions":[{"shape_attributes":{"name":"polygon","all_points_x":[48,85,70,35,5,34,42],"all_points_y":[69,164,209,205,189,87,77]},"region_attributes":{"t_shirt":"t2"}},{"shape_attributes":{"name":"polygon","all_points_x":[333,303,318,363,375,354,349],"all_points_y":[71,167,210,199,185,106,87]},"region_attributes":{"t_shirt":"t2"}},{"shape_attributes":{"name":"polygon","all_points_x":[253,235,191,147,129,129,138,146,163,187,222,235],"all_points_y":[26,69,94,66,42,23,17,36,65,78,63,20]},"region_attributes":{"t_shirt":"t1"}},{"shape_attributes":{"name":"polygon","all_points_x":[85,87,85,49,131,129,157,190,237,254,331,301,290,296,285,213,125],"all_points_y":[465,389,166,69,20,41,73,92,69,23,65,169,323,455,473,481,478]},"region_attributes":{"t_shirt":"t3"}}],"file_attributes":{}},"t6.jpg5128":{"filename":"t6.jpg","size":5128,"regions":[{"shape_attributes":{"name":"polygon","all_points_x":[30,32,33,35,32,22,11,6,21,27,29],"all_points_y":[40,59,73,84,91,89,85,82,52,40,39]},"region_attributes":{"t_shirt":"t2"}},{"shape_attributes":{"name":"polygon","all_points_x":[109,107,104,102,108,131,123,115,110,108],"all_points_y":[37,47,64,82,90,82,56,41,37,37]},"region_attributes":{"t_shirt":"t2"}},{"shape_attributes":{"name":"polygon","all_points_x":[86,83,81,76,70,63,57,54,52,55,60,65,70,76,82,84,87,85],"all_points_y":[29,35,36,40,40,39,36,34,30,28,29,29,30,28,27,27,29,27]},"region_attributes":{"t_shirt":"t1"}},{"shape_attributes":{"name":"polygon","all_points_x":[41,48,57,68,79,86,94,103,104,103,103,103,104,106,109,86,84,78,69,61,54,52,29,35,37,36],"all_points_y":[164,166,167,167,167,166,165,161,144,124,86,81,67,48,37,28,35,39,40,38,34,30,39,84,106,158]},"region_attributes":{"t_shirt":"t3"}},{"shape_attributes":{"name":"polygon","all_points_x":[174,181,183,183,183,189,196,209,219,231,243,249,249,248,248,249,251,252,255,232,227,222,218,214,209,206,204,203],"all_points_y":[39,81,91,157,162,166,168,170,170,168,165,160,136,110,88,77,72,59,38,28,32,33,33,33,33,30,28,28]},"region_attributes":{"t_shirt":"t4"}}],"file_attributes":{}},"t7.png4399":{"filename":"t7.png","size":4399,"regions":[{"shape_attributes":{"name":"polygon","all_points_x":[29,39,38,29,20,19,20,23,27],"all_points_y":[48,82,97,97,95,75,64,55,49]},"region_attributes":{"t_shirt":"t2"}},{"shape_attributes":{"name":"polygon","all_points_x":[96,105,108,112,114,115,115,115,106,97,97],"all_points_y":[86,48,50,54,64,80,94,96,97,97,96]},"region_attributes":{"t_shirt":"t2"}},{"shape_attributes":{"name":"polygon","all_points_x":[87,86,82,70,68,56,51,52,56,57,64,70,77,79,81],"all_points_y":[40,48,59,52,52,58,47,38,33,31,32,32,32,31,31]},"region_attributes":{"t_shirt":"t1"}},{"shape_attributes":{"name":"polygon","all_points_x":[38,51,64,76,87,97,99,97,96,96,96,98,105,87,86,82,69,56,51,52,44,29,39,39,37,36,36],"all_points_y":[157,162,163,163,161,158,146,130,116,107,88,77,47,39,48,59,52,59,47,39,42,48,82,101,128,141,155]},"region_attributes":{"t_shirt":"t3"}},{"shape_attributes":{"name":"polygon","all_points_x":[139,139,140,142,146,147,147,144,145,146,153,166,177,191,205,205,204,203,203,204,208,214,193,161,154,154,152],"all_points_y":[47,55,62,73,86,96,113,140,156,159,161,163,164,162,158,142,123,107,96,88,69,49,40,39,42,42,43]},"region_attributes":{"t_shirt":"t4"}}],"file_attributes":{}},"t8.jpg7283":{"filename":"t8.jpg","size":7283,"regions":[{"shape_attributes":{"name":"polygon","all_points_x":[22,24,24,27,31,30,30,21,14,10,7,10,13,15,19,19],"all_points_y":[38,52,60,67,79,92,93,92,89,86,83,72,56,48,42,41]},"region_attributes":{"t_shirt":"t2"}},{"shape_attributes":{"name":"polygon","all_points_x":[112,112,113,113,113,112,111,110,108,110,119,133,128,126,126,124,121,119,114,112],"all_points_y":[33,51,55,61,67,72,79,83,86,92,90,83,70,61,55,47,40,37,33,32]},"region_attributes":{"t_shirt":"t2"}},{"shape_attributes":{"name":"polygon","all_points_x":[94,90,85,79,71,64,55,48,48,55,64,76,81,86,90,93],"all_points_y":[25,32,32,28,29,28,34,24,21,15,23,24,16,14,18,21]},"region_attributes":{"t_shirt":"t1"}},{"shape_attributes":{"name":"polygon","all_points_x":[111,108,95,76,57,43,31,35,36,31,25,22,48,52,64,80,85,90,94,111,112,113,110,107,103,105],"all_points_y":[161,166,169,170,169,166,159,118,91,82,63,38,25,34,29,29,32,33,26,31,55,67,80,92,103,122]},"region_attributes":{"t_shirt":"t3"}},{"shape_attributes":{"name":"polygon","all_points_x":[161,163,165,168,172,174,173,168,175,183,194,204,220,233,244,249,248,244,241,240,245,248,250,253,256,256,253,235,228,227,215,202,189,187,174,160],"all_points_y":[35,61,70,77,91,101,119,157,163,167,169,170,170,168,166,161,145,128,112,101,90,81,68,57,44,36,32,26,22,21,23,24,23,23,28,33]},"region_attributes":{"t_shirt":"t4"}}],"file_attributes":{}},"t9.jpg6357":{"filename":"t9.jpg","size":6357,"regions":[{"shape_attributes":{"name":"polygon","all_points_x":[20,23,23,26,26,22,14,3,8,9,13,17],"all_points_y":[59,71,82,89,96,107,108,102,80,71,64,59]},"region_attributes":{"t_shirt":"t2"}},{"shape_attributes":{"name":"polygon","all_points_x":[95,92,91,90,90,89,93,111,107,105,103,99,97],"all_points_y":[62,72,78,86,96,101,107,102,85,74,69,63,61]},"region_attributes":{"t_shirt":"t2"}},{"shape_attributes":{"name":"polygon","all_points_x":[74,76,72,68,62,57,51,45,40,42,44,45,46,50,56,62,68,73],"all_points_y":[49,51,55,56,58,58,57,55,51,48,48,51,52,54,55,55,54,50]},"region_attributes":{"t_shirt":"t1"}},{"shape_attributes":{"name":"polygon","all_points_x":[21,22,27,30,34,70,84,91,91,88,90,90,92,95,89,83,77,71,63,54,45,40,33,20,22,23,26,26,25,24],"all_points_y":[164,165,168,173,177,177,169,168,146,139,100,84,72,61,57,54,50,56,58,58,55,51,54,59,69,82,89,93,101,111]},"region_attributes":{"t_shirt":"t3"}},{"shape_attributes":{"name":"polygon","all_points_x":[134,138,140,140,139,138,135,134,158,202,200,201,203,204,206,210,188,177,171,158,155],"all_points_y":[64,99,123,134,138,153,170,176,176,176,166,118,104,85,75,68,53,53,53,54,54]},"region_attributes":{"t_shirt":"t4"}}],"file_attributes":{}},"t10.jpg6862":{"filename":"t10.jpg","size":6862,"regions":[{"shape_attributes":{"name":"polygon","all_points_x":[43,48,49,48,45,23,37,40],"all_points_y":[60,52,37,34,27,44,64,63]},"region_attributes":{"t_shirt":"t2"}},{"shape_attributes":{"name":"polygon","all_points_x":[122,121,120,120,120,120,120,122,123,125,127,128,134,150,123],"all_points_y":[23,28,32,36,40,43,47,50,54,59,62,64,66,44,22]},"region_attributes":{"t_shirt":"t2"}},{"shape_attributes":{"name":"polygon","all_points_x":[43,129,128,128,123,121,120,120,122,106,99,95,88,85,81,76,70,66,64,56,45,49,49,48,47,43],"all_points_y":[134,134,95,64,55,48,47,31,23,16,23,24,24,24,24,23,21,19,17,20,26,36,43,50,53,61]},"region_attributes":{"t_shirt":"t3"}},{"shape_attributes":{"name":"polygon","all_points_x":[68,72,77,83,93,97,103,106,99,91,81,74,68,64],"all_points_y":[15,17,20,20,19,19,15,15,24,25,24,23,21,17]},"region_attributes":{"t_shirt":"t1"}},{"shape_attributes":{"name":"polygon","all_points_x":[217,222,222,221,218,216,215,216,216,214,239,278,300,301,301,301,301,297,293,293,294,298,301,297,286,278,275,269,262,253,250,244,240,236,236],"all_points_y":[24,31,41,49,55,61,80,101,115,134,134,135,135,115,92,64,61,55,50,43,36,30,25,21,17,14,18,21,21,21,21,21,19,16,15]},"region_attributes":{"t_shirt":"t4"}}],"file_attributes":{}},"t11.jpg11133":{"filename":"t11.jpg","size":11133,"regions":[{"shape_attributes":{"name":"polygon","all_points_x":[121,131,156,164,191,200,208,200,169,153,132,132],"all_points_y":[82,110,103,103,101,99,83,67,98,94,65,62]},"region_attributes":{"t_shirt":"t1"}},{"shape_attributes":{"name":"polygon","all_points_x":[260,257,253,248,247,248,277,293,288,280,263],"all_points_y":[103,133,153,167,171,185,183,177,143,119,103]},"region_attributes":{"t_shirt":"t2"}},{"shape_attributes":{"name":"polygon","all_points_x":[67,65,65,68,76,80,76,33,43,51],"all_points_y":[105,119,133,153,169,177,189,178,139,119]},"region_attributes":{"t_shirt":"t2"}},{"shape_attributes":{"name":"polygon","all_points_x":[244,83,87,81,64,67,123,131,157,181,203,207,260,255,245,240,241,245],"all_points_y":[374,377,209,177,142,102,81,107,105,118,98,83,102,146,169,209,262,343]},"region_attributes":{"t_shirt":"t3"}},{"shape_attributes":{"name":"polygon","all_points_x":[368,373,391,411,448,476,512,525,525,523,523,528,533,535,537,545,551,484,412,403,348,369,375],"all_points_y":[370,377,383,383,386,383,381,374,354,309,238,187,179,170,149,133,111,79,75,87,105,179,251]},"region_attributes":{"t_shirt":"t4"}}],"file_attributes":{}},"t12.jpg13081":{"filename":"t12.jpg","size":13081,"regions":[{"shape_attributes":{"name":"polygon","all_points_x":[206,197,193,198,235,235,229,222,213,209],"all_points_y":[39,81,100,126,119,110,87,63,42,39]},"region_attributes":{"t_shirt":"t2"}},{"shape_attributes":{"name":"polygon","all_points_x":[48,49,57,38,29,22,9,14,19,29,41],"all_points_y":[37,71,108,111,111,107,105,84,63,51,41]},"region_attributes":{"t_shirt":"t2"}},{"shape_attributes":{"name":"polygon","all_points_x":[138,146,169,165,155,149,133,110,90,85,87,109,131,137],"all_points_y":[29,31,31,18,1,14,19,19,1,21,34,26,28,28]},"region_attributes":{"t_shirt":"t1"}},{"shape_attributes":{"name":"polygon","all_points_x":[62,75,91,189,189,187,190,189,197,192,206,168,168,152,109,87,85,47,51,59,57,53],"all_points_y":[247,247,249,247,222,197,165,155,126,105,39,21,33,33,30,35,15,38,78,108,196,243]},"region_attributes":{"t_shirt":"t3"}}],"file_attributes":{}},"t13.jpg5993":{"filename":"t13.jpg","size":5993,"regions":[{"shape_attributes":{"name":"polygon","all_points_x":[35,37,37,36,37,37,28,18,20,23,26,32,33],"all_points_y":[49,57,64,76,85,91,88,86,77,65,57,51,49]},"region_attributes":{"t_shirt":"t2"}},{"shape_attributes":{"name":"polygon","all_points_x":[105,101,98,98,99,106,119,113,107,107],"all_points_y":[53,60,68,77,92,92,86,62,54,52]},"region_attributes":{"t_shirt":"t2"}},{"shape_attributes":{"name":"polygon","all_points_x":[34,45,60,74,84,98,98,98,98,98,98,98,106,81,82,75,73,62,59,55,53,47,35,37,37,37,39,37],"all_points_y":[157,158,157,158,160,160,141,125,109,95,92,68,52,41,47,50,53,53,49,46,40,43,49,57,75,92,113,132]},"region_attributes":{"t_shirt":"t3"}},{"shape_attributes":{"name":"polygon","all_points_x":[55,56,59,61,67,68,79,78,79,82,82,82,80,75,67,62,59,56,54,52],"all_points_y":[38,38,41,43,46,47,46,43,40,40,44,47,49,50,52,52,50,47,44,40]},"region_attributes":{"t_shirt":"t1"}},{"shape_attributes":{"name":"polygon","all_points_x":[165,169,170,171,171,171,170,169,170,168,166,168,173,201,216,225,227,226,224,227,227,229,234,236,229,214,205,192,188],"all_points_y":[50,59,66,71,82,87,103,113,123,136,151,155,159,158,157,156,154,117,105,85,79,75,58,52,49,40,42,41,40]},"region_attributes":{"t_shirt":"t4"}}],"file_attributes":{}},"t14.png730140":{"filename":"t14.png","size":730140,"regions":[{"shape_attributes":{"name":"polygon","all_points_x":[214,220,238,254,284,309,343,365,383,392,377,366,347,321,290,250,230],"all_points_y":[19,44,66,75,86,86,78,66,49,25,13,33,49,64,64,49,16]},"region_attributes":{"t_shirt":"t1"}},{"shape_attributes":{"name":"polygon","all_points_x":[501,468,454,454,471,584,538,519],"all_points_y":[78,194,232,256,285,253,133,90]},"region_attributes":{"t_shirt":"t2"}},{"shape_attributes":{"name":"polygon","all_points_x":[93,111,123,134,118,10,55,93],"all_points_y":[80,127,182,241,281,241,127,74]},"region_attributes":{"t_shirt":"t2"}},{"shape_attributes":{"name":"polygon","all_points_x":[208,154,131,137,142,134,96,213,220,232,248,267,303,337,362,378,394,406,431,462,501,486,474,455,442,448,455,430,362,332,312,207,165,136],"all_points_y":[693,688,675,417,318,244,72,19,52,68,80,81,86,84,69,56,25,27,34,50,75,139,164,233,298,430,675,688,681,684,694,690,687,672]},"region_attributes":{"t_shirt":"t3"}},{"shape_attributes":{"name":"polygon","all_points_x":[734,686,708,734,758,796,823,873,922,968,1068,1093,1092,1083,1080,1076,1070,1062,1052,1052,1009,956,885,827,768,739,745],"all_points_y":[194,99,75,61,50,37,21,25,22,19,69,84,105,152,196,217,239,285,353,677,699,702,705,696,677,665,312]},"region_attributes":{"t_shirt":"t4"}}],"file_attributes":{}},"t15.jpg61962":{"filename":"t15.jpg","size":61962,"regions":[{"shape_attributes":{"name":"polygon","all_points_x":[136,147,155,165,183,198,216,230,240,246,257,257,232,224,211,200,186,176,168,159],"all_points_y":[63,79,87,95,103,105,102,94,87,78,65,63,49,63,73,76,76,67,58,44]},"region_attributes":{"t_shirt":"t1"}},{"shape_attributes":{"name":"polygon","all_points_x":[69,77,85,90,93,93,93,91,91,83,37,24,27,37,53,62,66],"all_points_y":[97,105,123,143,159,177,213,226,238,249,231,223,202,167,126,102,98]},"region_attributes":{"t_shirt":"t2"}},{"shape_attributes":{"name":"polygon","all_points_x":[321,309,307,299,298,296,297,298,299,301,304,362],"all_points_y":[99,115,129,151,162,177,203,222,235,246,253,226]},"region_attributes":{"t_shirt":"t2"}},{"shape_attributes":{"name":"polygon","all_points_x":[98,298,293,299,299,297,297,297,297,301,306,309,322,323,256,237,221,205,183,165,146,135,70,83,93,93,93],"all_points_y":[474,471,268,239,219,206,195,183,166,153,135,119,98,95,63,91,97,103,103,95,78,63,94,117,159,183,209]},"region_attributes":{"t_shirt":"t3"}}],"file_attributes":{}},"t16.jpg16965":{"filename":"t16.jpg","size":16965,"regions":[{"shape_attributes":{"name":"polygon","all_points_x":[93,102,110,125,131,139,137,133,101,67,66,69,74,77],"all_points_y":[94,106,134,156,175,189,217,239,241,233,214,169,127,109]},"region_attributes":{"t_shirt":"t2"}},{"shape_attributes":{"name":"polygon","all_points_x":[392,405,417,421,426,432,435,413,381,365,361,362,371,376],"all_points_y":[114,94,108,123,145,191,233,237,239,239,219,189,166,150]},"region_attributes":{"t_shirt":"t2"}},{"shape_attributes":{"name":"polygon","all_points_x":[281,293,291,312,303,213,202,181,197,205,261],"all_points_y":[31,23,12,49,71,76,75,49,14,35,33]},"region_attributes":{"t_shirt":"t1"}},{"shape_attributes":{"name":"polygon","all_points_x":[181,94,106,110,122,139,137,144,147,147,146,155,229,315,354,363,357,355,357,363,383,405,374,342,325,315,305,267,205],"all_points_y":[49,92,117,133,154,189,229,250,282,351,481,489,495,491,489,481,346,225,215,183,134,91,70,63,57,49,73,73,75]},"region_attributes":{"t_shirt":"t3"}}],"file_attributes":{}},"t18.png818324":{"filename":"t18.png","size":818324,"regions":[{"shape_attributes":{"name":"polygon","all_points_x":[96,118,134,134,137,123,100,13,49,83,90,90],"all_points_y":[74,134,188,238,256,282,282,244,145,80,69,72]},"region_attributes":{"t_shirt":"t2"}},{"shape_attributes":{"name":"polygon","all_points_x":[477,455,437,436,448,465,473,585,551,519,508,489],"all_points_y":[62,105,139,199,223,279,285,256,168,98,78,58]},"region_attributes":{"t_shirt":"t2"}},{"shape_attributes":{"name":"polygon","all_points_x":[211,211,225,236,247,273,295,327,356,365,371,392,386,366,366,343,315,300,276,253,230],"all_points_y":[28,21,10,37,52,61,69,66,46,33,13,19,38,46,61,68,74,80,80,66,58]},"region_attributes":{"t_shirt":"t1"}},{"shape_attributes":{"name":"polygon","all_points_x":[130,173,214,253,309,335,366,448,455,439,448,437,439,449,483,392,372,349,329,307,279,241,205,201,99,134,142],"all_points_y":[672,694,694,693,684,684,683,683,672,247,232,210,120,105,58,19,55,74,74,78,78,74,25,22,72,182,276]},"region_attributes":{"t_shirt":"t3"}},{"shape_attributes":{"name":"polygon","all_points_x":[711,745,749,737,739,740,774,829,900,959,1009,1047,1050,1065,1064,1070,1071,1080,1083,1089,1093,969,929,870,823,696],"all_points_y":[158,247,423,654,657,666,677,699,711,705,699,681,375,285,238,199,161,129,93,81,78,21,25,25,21,87]},"region_attributes":{"t_shirt":"t4"}}],"file_attributes":{}},"t19.jpg36294":{"filename":"t19.jpg","size":36294,"regions":[{"shape_attributes":{"name":"polygon","all_points_x":[392,235,263,295,311,305,303,280,309,354,470,652,720,695,710,742,742,742,759,767,676,621],"all_points_y":[44,133,350,420,519,616,790,949,979,996,987,987,943,746,487,347,320,231,176,123,72,51]},"region_attributes":{"t_shirt":"t4"}},{"shape_attributes":{"name":"polygon","all_points_x":[869,843,828,813,788,767,756,748,744,741,744,748,750],"all_points_y":[328,216,180,157,140,125,176,225,259,309,350,360,369]},"region_attributes":{"t_shirt":"t2"}},{"shape_attributes":{"name":"polygon","all_points_x":[191,172,159,152,144,142,203,237,252,271,271,248,241,233,214],"all_points_y":[163,178,222,254,331,352,381,377,384,384,347,241,140,133,148]},"region_attributes":{"t_shirt":"t2"}}],"file_attributes":{}},"t20.jpg24687":{"filename":"t20.jpg","size":24687,"regions":[{"shape_attributes":{"name":"polygon","all_points_x":[140,165,181,185,187,192,185,165,145,119,96,96,107,124],"all_points_y":[115,143,169,200,231,281,324,324,324,328,316,248,164,129]},"region_attributes":{"t_shirt":"t2"}},{"shape_attributes":{"name":"polygon","all_points_x":[537,516,501,481,491,492,496,500,496,517,549,572,580,583,583,583,576,567,560],"all_points_y":[121,143,153,177,227,253,312,319,324,327,324,321,319,307,253,211,172,145,140]},"region_attributes":{"t_shirt":"t2"}},{"shape_attributes":{"name":"polygon","all_points_x":[193,193,185,187,140,256,267,276,287,300,321,343,356,364,375,388,401,409,417,421,427,539,521,516,503,497,491,489,487,484,484,491,507],"all_points_y":[669,291,204,172,120,44,65,68,77,84,88,89,88,87,87,79,67,63,51,47,41,121,131,131,140,143,153,159,172,191,201,329,663]},"region_attributes":{"t_shirt":"t3"}},{"shape_attributes":{"name":"polygon","all_points_x":[405,416,431,423,417,405,396,383,367,348,324,305,279,281,257,257,268,277,281,283,295,308,319,348,364,383,389],"all_points_y":[13,23,39,44,55,65,72,83,83,87,88,84,72,63,45,41,28,17,13,9,24,35,41,45,45,41,33]},"region_attributes":{"t_shirt":"t1"}}],"file_attributes":{}},"ts1.jpg9376":{"filename":"ts1.jpg","size":9376,"regions":[{"shape_attributes":{"name":"polygon","all_points_x":[46,43,37,27,23,22,18],"all_points_y":[38,75,71,71,66,59,46]},"region_attributes":{"t_shirt":"t2"}},{"shape_attributes":{"name":"polygon","all_points_x":[115,119,128,136,144],"all_points_y":[38,74,72,72,46]},"region_attributes":{"t_shirt":"t2"}},{"shape_attributes":{"name":"polygon","all_points_x":[64,68,72,80,89,92,94,97,98,89,89,88,82,77,75,72],"all_points_y":[30,37,39,41,41,39,37,34,31,28,29,31,31,31,30,27]},"region_attributes":{"t_shirt":"t1"}},{"shape_attributes":{"name":"polygon","all_points_x":[41,43,46,63,68,73,81,88,97,98,114,116,119,120],"all_points_y":[137,76,38,30,37,40,41,42,35,31,37,38,74,137]},"region_attributes":{"t_shirt":"t3"}},{"shape_attributes":{"name":"polygon","all_points_x":[189,195,220,223,232,237,241,265,267,268],"all_points_y":[136,37,30,32,33,32,29,39,76,139]},"region_attributes":{"t_shirt":"t4"}}],"file_attributes":{}},"ts2.jpg8164":{"filename":"ts2.jpg","size":8164,"regions":[{"shape_attributes":{"name":"polygon","all_points_x":[17,10,6,3,2,4,6,11,27,23,23,24,22,23,24,24,31],"all_points_y":[31,46,71,92,109,138,152,166,159,154,148,143,135,118,112,101,86]},"region_attributes":{"t_shirt":"t2"}},{"shape_attributes":{"name":"polygon","all_points_x":[122,108,118,114,114,111,125,133,139,130,124],"all_points_y":[35,81,106,121,146,159,168,139,112,50,35]},"region_attributes":{"t_shirt":"t2"}},{"shape_attributes":{"name":"polygon","all_points_x":[48,55,63,71,80,88,93,89,80,72,61,53],"all_points_y":[16,26,29,30,28,23,16,13,13,12,12,12]},"region_attributes":{"t_shirt":"t1"}},{"shape_attributes":{"name":"polygon","all_points_x":[26,30,31,17,47,56,65,70,80,90,92,121,108,107,106,108,112,110,96,74,53,37,26],"all_points_y":[152,121,85,31,15,26,30,30,28,22,14,33,81,107,126,142,155,160,168,174,174,171,160]},"region_attributes":{"t_shirt":"t3"}},{"shape_attributes":{"name":"polygon","all_points_x":[188,152,167,170,164,248,245,247,249,258,221,206,194],"all_points_y":[14,36,74,98,175,175,77,60,51,37,13,14,14]},"region_attributes":{"t_shirt":"t4"}}],"file_attributes":{}},"ts3.jpg3522":{"filename":"ts3.jpg","size":3522,"regions":[{"shape_attributes":{"name":"polygon","all_points_x":[19,21,21,24,17,5,5,8,16,18],"all_points_y":[62,76,86,103,106,103,82,69,62,61]},"region_attributes":{"t_shirt":"t2"}},{"shape_attributes":{"name":"polygon","all_points_x":[90,90,102,107,108,105,93],"all_points_y":[98,58,64,74,102,106,106]},"region_attributes":{"t_shirt":"t2"}},{"shape_attributes":{"name":"polygon","all_points_x":[72,40,20,24,29,28,28,33,48,65,75,90,86,88,91,91],"all_points_y":[48,48,62,102,126,158,178,186,188,189,190,175,123,105,95,59]},"region_attributes":{"t_shirt":"t4"}},{"shape_attributes":{"name":"polygon","all_points_x":[150,155,157,161,166,172,176,184,189,180,168,157,152],"all_points_y":[51,59,62,58,57,57,61,59,50,42,39,39,42]},"region_attributes":{"t_shirt":"t1"}},{"shape_attributes":{"name":"polygon","all_points_x":[136,131,121,118,116,116,116,116,132],"all_points_y":[88,55,62,71,78,86,94,96,97]},"region_attributes":{"t_shirt":"t2"}},{"shape_attributes":{"name":"polygon","all_points_x":[198,200,220,216,214,202,200],"all_points_y":[90,98,98,67,63,58,74]},"region_attributes":{"t_shirt":"t2"}},{"shape_attributes":{"name":"polygon","all_points_x":[133,140,202,198,199,202,188,184,175,158,149,132,136,137],"all_points_y":[183,186,182,121,95,57,50,58,61,61,49,56,90,99]},"region_attributes":{"t_shirt":"t3"}}],"file_attributes":{}},"ts4.jpg11796":{"filename":"ts4.jpg","size":11796,"regions":[{"shape_attributes":{"name":"polygon","all_points_x":[30,38,40,39,39,38,21,12,20,23,27],"all_points_y":[24,35,43,50,72,80,78,71,50,32,28]},"region_attributes":{"t_shirt":"t2"}},{"shape_attributes":{"name":"polygon","all_points_x":[117,113,119,120,130,133,135,136,136,139,134,119],"all_points_y":[84,71,56,47,33,35,44,51,59,79,84,86]},"region_attributes":{"t_shirt":"t2"}},{"shape_attributes":{"name":"polygon","all_points_x":[100,92,83,72,65,61,59,29,38,40,38,36,51,116,112,113,120,130],"all_points_y":[15,27,31,30,24,19,12,23,37,45,93,151,159,156,92,71,46,33]},"region_attributes":{"t_shirt":"t3"}},{"shape_attributes":{"name":"polygon","all_points_x":[60,67,95,100,92,84,71,60],"all_points_y":[12,9,10,16,27,31,30,19]},"region_attributes":{"t_shirt":"t1"}},{"shape_attributes":{"name":"polygon","all_points_x":[174,172,180,173,175,197,214,228,252,248,248,254,254,259],"all_points_y":[159,138,102,75,20,7,10,7,17,51,70,90,130,157]},"region_attributes":{"t_shirt":"t4"}}],"file_attributes":{}},"ts5.jpg3654":{"filename":"ts5.jpg","size":3654,"regions":[{"shape_attributes":{"name":"polygon","all_points_x":[35,39,41,35,18,25,35],"all_points_y":[26,38,60,68,62,32,26]},"region_attributes":{"t_shirt":"t2"}},{"shape_attributes":{"name":"polygon","all_points_x":[120,115,112,116,133,128],"all_points_y":[27,42,60,70,64,36]},"region_attributes":{"t_shirt":"t2"}},{"shape_attributes":{"name":"polygon","all_points_x":[58,61,70,82,89,96,91],"all_points_y":[18,26,32,32,30,20,17]},"region_attributes":{"t_shirt":"t1"}},{"shape_attributes":{"name":"polygon","all_points_x":[54,97,112,109,112,116,120,95,90,80,70,62,58,35,41,40,42,40,43],"all_points_y":[161,162,154,87,62,35,29,18,28,33,30,26,21,27,49,62,93,154,160]},"region_attributes":{"t_shirt":"t3"}},{"shape_attributes":{"name":"polygon","all_points_x":[161,171,174,172,173,181,200,228,239,240,238,243,248,247,230,220,207,187],"all_points_y":[31,67,104,150,157,161,161,161,156,124,83,59,32,30,24,20,22,20]},"region_attributes":{"t_shirt":"t4"}}],"file_attributes":{}}}