{"tt1.jpeg22191":{"filename":"tt1.jpeg","size":22191,"regions":[{"shape_attributes":{"name":"polygon","all_points_x":[255,263,263,178,224,236],"all_points_y":[202,387,409,382,245,221]},"region_attributes":{"tshirt":"t2"}},{"shape_attributes":{"name":"polygon","all_points_x":[527,503,512,514,599,553],"all_points_y":[205,278,401,405,383,232]},"region_attributes":{"tshirt":"t2"}},{"shape_attributes":{"name":"polygon","all_points_x":[321,348,374,398,421,437,447,447,441,401,360,336],"all_points_y":[171,197,205,205,201,196,178,161,152,161,155,151]},"region_attributes":{"tshirt":"t1"}},{"shape_attributes":{"name":"polygon","all_points_x":[260,519,516,502,526,450,438,397,341,321,259,260,261],"all_points_y":[651,651,403,277,209,161,200,206,194,167,201,310,407]},"region_attributes":{"tshirt":"t3"}}],"file_attributes":{}},"tt2.jpg6872":{"filename":"tt2.jpg","size":6872,"regions":[{"shape_attributes":{"name":"polygon","all_points_x":[112,120,140,140,65,93,101],"all_points_y":[30,97,174,179,167,50,35]},"region_attributes":{"tshirt":"t2"}},{"shape_attributes":{"name":"polygon","all_points_x":[384,352,352,423,399],"all_points_y":[37,131,186,166,57]},"region_attributes":{"tshirt":"t2"}},{"shape_attributes":{"name":"polygon","all_points_x":[187,196,225,264,283,297,304,295,249,193],"all_points_y":[11,38,50,53,46,31,9,-1,14,5]},"region_attributes":{"tshirt":"t1"}},{"shape_attributes":{"name":"polygon","all_points_x":[137,355,355,355,384,301,285,252,223,199,191,115,139],"all_points_y":[479,485,183,127,37,6,46,54,49,41,5,31,174]},"region_attributes":{"tshirt":"t3"}}],"file_attributes":{}},"tt3.png255012":{"filename":"tt3.png","size":255012,"regions":[{"shape_attributes":{"name":"polygon","all_points_x":[185,223,257,287,320,324,333,319,283,225,197],"all_points_y":[19,58,69,71,71,59,43,22,31,26,11]},"region_attributes":{"tshirt":"t1"}},{"shape_attributes":{"name":"polygon","all_points_x":[80,119,129,115,84,20,53],"all_points_y":[79,139,221,258,257,223,107]},"region_attributes":{"tshirt":"t2"}},{"shape_attributes":{"name":"polygon","all_points_x":[424,396,424,457,444,425],"all_points_y":[87,245,250,238,121,81]},"region_attributes":{"tshirt":"t2"}},{"shape_attributes":{"name":"polygon","all_points_x":[407,392,387,423,332,319,240,216,185,80,120,137,144,133],"all_points_y":[494,345,237,79,38,73,62,54,19,79,137,342,422,495]},"region_attributes":{"tshirt":"t3"}}],"file_attributes":{}},"tt4.jpg76869":{"filename":"tt4.jpg","size":76869,"regions":[{"shape_attributes":{"name":"polygon","all_points_x":[148,171,189,167,72,127],"all_points_y":[204,263,394,450,407,237]},"region_attributes":{"tshirt":"t2"}},{"shape_attributes":{"name":"polygon","all_points_x":[531,512,497,521,592,614,559],"all_points_y":[202,285,394,444,419,400,246]},"region_attributes":{"tshirt":"t2"}},{"shape_attributes":{"name":"polygon","all_points_x":[260,301,340,382,426,411,349,268],"all_points_y":[146,217,240,211,145,124,118,131]},"region_attributes":{"tshirt":"t1"}},{"shape_attributes":{"name":"polygon","all_points_x":[197,354,496,488,507,529,436,422,380,341,270,255,143,178,202],"all_points_y":[739,757,737,427,327,200,159,146,207,241,165,143,202,337,469]},"region_attributes":{"tshirt":"t3"}},{"shape_attributes":{"name":"polygon","all_points_x":[762,796,807,803,802,994,1102,1097,1126,1128,1136,1040,869,822],"all_points_y":[197,387,473,684,727,737,722,422,306,245,194,153,148,169]},"region_attributes":{"tshirt":"t4"}}],"file_attributes":{}},"tt5.png21948":{"filename":"tt5.png","size":21948,"regions":[{"shape_attributes":{"name":"polygon","all_points_x":[65,84,79,61,1,15],"all_points_y":[35,99,166,181,135,111]},"region_attributes":{"tshirt":"t2"}},{"shape_attributes":{"name":"polygon","all_points_x":[297,288,292,308,368,308],"all_points_y":[37,58,165,178,135,35]},"region_attributes":{"tshirt":"t2"}},{"shape_attributes":{"name":"polygon","all_points_x":[135,129,167,199,223,231,183,143,137,127],"all_points_y":[21,13,31,30,19,3,9,1,2,9]},"region_attributes":{"tshirt":"t1"}},{"shape_attributes":{"name":"polygon","all_points_x":[77,224,296,292,285,297,225,215,191,165,128,65,87],"all_points_y":[395,397,398,169,43,34,3,21,33,33,10,35,103]},"region_attributes":{"tshirt":"t3"}}],"file_attributes":{}},"tt6.jpg95355":{"filename":"tt6.jpg","size":95355,"regions":[{"shape_attributes":{"name":"polygon","all_points_x":[151,171,192,169,71,133],"all_points_y":[216,257,393,445,403,230]},"region_attributes":{"tshirt":"t2"}},{"shape_attributes":{"name":"polygon","all_points_x":[538,524,502,516,563,614,554],"all_points_y":[209,261,394,443,435,405,235]},"region_attributes":{"tshirt":"t2"}},{"shape_attributes":{"name":"polygon","all_points_x":[263,299,339,377,401,416,425,411,336,273],"all_points_y":[145,216,241,222,181,169,145,131,118,128]},"region_attributes":{"tshirt":"t1"}},{"shape_attributes":{"name":"polygon","all_points_x":[189,344,496,492,501,539,421,379,344,293,259,148,183,192,192],"all_points_y":[734,753,737,412,394,211,145,217,240,211,145,205,302,383,440]},"region_attributes":{"tshirt":"t3"}},{"shape_attributes":{"name":"polygon","all_points_x":[756,795,812,798,968,1101,1095,1110,1126,1138,1024,869],"all_points_y":[202,384,498,724,744,729,455,378,285,197,145,141]},"region_attributes":{"tshirt":"t4"}}],"file_attributes":{}},"tt7.png4399":{"filename":"tt7.png","size":4399,"regions":[{"shape_attributes":{"name":"polygon","all_points_x":[29,39,38,22,20,21,26],"all_points_y":[49,87,98,96,81,59,51]},"region_attributes":{"tshirt":"t2"}},{"shape_attributes":{"name":"polygon","all_points_x":[104,96,97,109,115,115,112,108],"all_points_y":[47,85,96,97,95,73,56,50]},"region_attributes":{"tshirt":"t2"}},{"shape_attributes":{"name":"polygon","all_points_x":[87,85,81,70,56,50,57,67,79,86],"all_points_y":[39,50,58,52,59,40,31,32,31,38]},"region_attributes":{"tshirt":"t1"}},{"shape_attributes":{"name":"polygon","all_points_x":[38,67,97,98,94,96,104,86,83,83,68,57,50,29,39],"all_points_y":[157,163,157,138,97,85,46,40,56,58,51,59,41,47,87]},"region_attributes":{"tshirt":"t3"}},{"shape_attributes":{"name":"polygon","all_points_x":[139,147,148,145,163,193,205,203,213,194,160],"all_points_y":[48,88,114,154,160,159,154,89,51,41,40]},"region_attributes":{"tshirt":"t4"}}],"file_attributes":{}},"tt8.jpg75594":{"filename":"tt8.jpg","size":75594,"regions":[{"shape_attributes":{"name":"polygon","all_points_x":[157,189,178,69,129],"all_points_y":[194,397,448,404,233]},"region_attributes":{"tshirt":"t1"}},{"shape_attributes":{"name":"polygon","all_points_x":[526,506,519,614,567],"all_points_y":[194,402,443,408,245]},"region_attributes":{"tshirt":"t2"}},{"shape_attributes":{"name":"polygon","all_points_x":[421,365,340,262,265,337,401],"all_points_y":[144,232,242,145,132,120,125]},"region_attributes":{"tshirt":"t1"}},{"shape_attributes":{"name":"polygon","all_points_x":[189,189,337,499,489,506,523,414,387,347,296,262,161,196],"all_points_y":[741,736,753,736,512,402,191,139,193,235,198,144,200,431]},"region_attributes":{"tshirt":"t3"}},{"shape_attributes":{"name":"polygon","all_points_x":[763,796,805,800,959,1104,1097,1121,1145,1026,874],"all_points_y":[198,402,463,727,747,734,414,287,194,147,140]},"region_attributes":{"tshirt":"t4"}}],"file_attributes":{}},"tt9.png730140":{"filename":"tt9.png","size":730140,"regions":[{"shape_attributes":{"name":"polygon","all_points_x":[97,131,130,123,7,61],"all_points_y":[73,158,234,283,241,133]},"region_attributes":{"tshirt":"t2"}},{"shape_attributes":{"name":"polygon","all_points_x":[503,450,471,583,525],"all_points_y":[80,229,284,253,107]},"region_attributes":{"tshirt":"t2"}},{"shape_attributes":{"name":"polygon","all_points_x":[729,743,743,740,851,936,1045,1056,1087,1100,983,905,832],"all_points_y":[68,252,513,661,697,701,678,302,172,88,23,34,19]},"region_attributes":{"tshirt":"t4"}},{"shape_attributes":{"name":"polygon","all_points_x":[107,142,142,130,291,453,442,448,503,431,395,350,291,237,211],"all_points_y":[69,268,375,678,688,675,334,214,80,31,19,72,84,62,20]},"region_attributes":{"tshirt":"t3"}},{"shape_attributes":{"name":"polygon","all_points_x":[227,281,323,373,391,353,312,281,238,207],"all_points_y":[15,20,23,12,20,69,83,80,64,20]},"region_attributes":{"tshirt":"t1"}}],"file_attributes":{}},"tt10.jpg12100":{"filename":"tt10.jpg","size":12100,"regions":[{"shape_attributes":{"name":"polygon","all_points_x":[117,124,101,72,113],"all_points_y":[146,262,255,245,150]},"region_attributes":{"tshirt":"t2"}},{"shape_attributes":{"name":"polygon","all_points_x":[301,297,305,356,301],"all_points_y":[133,210,267,245,135]},"region_attributes":{"tshirt":"t2"}},{"shape_attributes":{"name":"polygon","all_points_x":[260,237,204,187,169,165,183,213,251],"all_points_y":[113,153,159,146,121,99,115,119,109]},"region_attributes":{"tshirt":"t1"}},{"shape_attributes":{"name":"polygon","all_points_x":[129,304,303,301,260,243,216,189,165,120,127],"all_points_y":[438,447,273,133,111,150,158,150,107,135,209]},"region_attributes":{"tshirt":"t3"}}],"file_attributes":{}},"tt11.png818324":{"filename":"tt11.png","size":818324,"regions":[{"shape_attributes":{"name":"polygon","all_points_x":[97,127,138,121,11,70],"all_points_y":[67,200,237,281,240,103]},"region_attributes":{"tshirt":"t2"}},{"shape_attributes":{"name":"polygon","all_points_x":[499,450,470,585,539,518],"all_points_y":[72,232,282,253,132,94]},"region_attributes":{"tshirt":"t2"}},{"shape_attributes":{"name":"polygon","all_points_x":[695,739,754,743,885,1007,1048,1055,1067,1082,1082,974,897,831,733],"all_points_y":[83,250,396,662,703,696,676,302,245,165,72,15,22,14,60]},"region_attributes":{"tshirt":"t4"}},{"shape_attributes":{"name":"polygon","all_points_x":[133,454,441,449,499,393,341,296,248,212,207,102,142],"all_points_y":[673,675,306,238,72,19,80,90,71,43,17,66,255]},"region_attributes":{"tshirt":"t3"}},{"shape_attributes":{"name":"polygon","all_points_x":[227,204,215,268,316,346,368,393,394,366,308],"all_points_y":[13,22,48,80,82,75,60,25,22,9,19]},"region_attributes":{"tshirt":"t1"}}],"file_attributes":{}},"tt12.jpg10617":{"filename":"tt12.jpg","size":10617,"regions":[{"shape_attributes":{"name":"polygon","all_points_x":[191,179,185,217,215,198,191],"all_points_y":[33,69,123,119,54,28,28]},"region_attributes":{"tshirt":"t2"}},{"shape_attributes":{"name":"polygon","all_points_x":[53,50,47,8,13,29,51],"all_points_y":[25,79,123,119,54,33,23]},"region_attributes":{"tshirt":"t2"}},{"shape_attributes":{"name":"polygon","all_points_x":[47,51,54,75,79,114,130,155,157,192,179,179,181,122,81],"all_points_y":[289,119,25,13,30,43,38,28,12,29,74,135,289,300,299]},"region_attributes":{"tshirt":"t3"}},{"shape_attributes":{"name":"polygon","all_points_x":[82,107,137,147,157,143,131,111,98,85,78],"all_points_y":[7,13,12,6,17,29,34,37,35,25,18]},"region_attributes":{"tshirt":"t1"}}],"file_attributes":{}},"tt13.jpg30237":{"filename":"tt13.jpg","size":30237,"regions":[{"shape_attributes":{"name":"polygon","all_points_x":[184,211,172,135,37,172],"all_points_y":[97,323,323,347,225,112]},"region_attributes":{"tshirt":"t2"}},{"shape_attributes":{"name":"polygon","all_points_x":[599,620,692,738],"all_points_y":[107,302,319,176]},"region_attributes":{"tshirt":"t2"}},{"shape_attributes":{"name":"polygon","all_points_x":[309,326,366,411,461,472,477,459,401,327],"all_points_y":[74,123,148,157,125,97,68,54,85,58]},"region_attributes":{"tshirt":"t1"}},{"shape_attributes":{"name":"polygon","all_points_x":[179,395,627,623,595,476,462,416,354,326,305,190,211,189,179],"all_points_y":[741,730,739,298,93,65,123,158,148,118,71,104,323,479,537]},"region_attributes":{"tshirt":"t3"}}],"file_attributes":{}},"tt14.jpg328645":{"filename":"tt14.jpg","size":328645,"regions":[{"shape_attributes":{"name":"polygon","all_points_x":[99,146,146,144,88,21,62],"all_points_y":[78,147,213,262,265,232,142]},"region_attributes":{"tshirt":"t2"}},{"shape_attributes":{"name":"polygon","all_points_x":[506,465,470,487,591,536],"all_points_y":[75,192,248,267,227,99]},"region_attributes":{"tshirt":"t2"}},{"shape_attributes":{"name":"polygon","all_points_x":[387,373,317,270,224,222,236,298],"all_points_y":[31,75,95,95,57,40,19,43]},"region_attributes":{"tshirt":"t1"}},{"shape_attributes":{"name":"polygon","all_points_x":[139,411,484,470,465,506,388,376,319,272,224,222,104,146,146],"all_points_y":[629,642,619,248,203,73,31,68,95,95,57,38,81,147,231]},"region_attributes":{"tshirt":"t3"}},{"shape_attributes":{"name":"polygon","all_points_x":[513,520,520,494,501,588,681,749,837,834,817,827],"all_points_y":[933,636,609,570,392,357,371,362,392,487,557,928]},"region_attributes":{"tshirt":"t4"}}],"file_attributes":{}},"tt15.jpg230190":{"filename":"tt15.jpg","size":230190,"regions":[{"shape_attributes":{"name":"polygon","all_points_x":[399,503,455,429,69],"all_points_y":[685,1037,1375,1401,1193]},"region_attributes":{"tshirt":"t2"}},{"shape_attributes":{"name":"polygon","all_points_x":[1453,1410,1462,1787],"all_points_y":[707,1297,1401,1206]},"region_attributes":{"tshirt":"t2"}},{"shape_attributes":{"name":"polygon","all_points_x":[681,698,828,1002,1110,1197,1141,1024,889,724],"all_points_y":[581,698,802,828,750,551,529,564,564,529]},"region_attributes":{"tshirt":"t1"}},{"shape_attributes":{"name":"polygon","all_points_x":[434,1440,1410,1444,1175,1110,976,820,698,659,399,490],"all_points_y":[2351,2351,1323,668,560,742,824,807,703,547,690,1037]},"region_attributes":{"tshirt":"t3"}}],"file_attributes":{}},"tt16.jpg89020":{"filename":"tt16.jpg","size":89020,"regions":[{"shape_attributes":{"name":"polygon","all_points_x":[466,508,458,380,419],"all_points_y":[361,538,818,735,405]},"region_attributes":{"tshirt":"t2"}},{"shape_attributes":{"name":"polygon","all_points_x":[1107,1099,1107,1146,1187,1146,1124],"all_points_y":[402,657,807,852,782,463,383]},"region_attributes":{"tshirt":"t2"}},{"shape_attributes":{"name":"polygon","all_points_x":[602,757,874,963,921,785,630],"all_points_y":[283,474,447,305,261,294,264]},"region_attributes":{"tshirt":"t1"}},{"shape_attributes":{"name":"polygon","all_points_x":[452,652,946,1076,1112,1085,1118,943,877,774,608,466,510,458],"all_points_y":[1426,1395,1412,1456,807,472,375,291,461,474,286,347,547,835]},"region_attributes":{"tshirt":"t3"}}],"file_attributes":{}},"tt17.jpg37806":{"filename":"tt17.jpg","size":37806,"regions":[{"shape_attributes":{"name":"polygon","all_points_x":[196,204,184,96,22],"all_points_y":[140,215,312,358,229]},"region_attributes":{"tshirt":"t2"}},{"shape_attributes":{"name":"polygon","all_points_x":[606,610,633,705,781],"all_points_y":[132,284,313,352,221]},"region_attributes":{"tshirt":"t2"}},{"shape_attributes":{"name":"polygon","all_points_x":[481,466,412,337,305,323,395,470],"all_points_y":[98,141,179,165,101,85,96,79]},"region_attributes":{"tshirt":"t1"}},{"shape_attributes":{"name":"polygon","all_points_x":[168,649,627,609,601,481,473,423,333,305,196,204,189,160],"all_points_y":[712,702,309,286,132,87,125,176,164,97,137,229,301,329]},"region_attributes":{"tshirt":"t3"}}],"file_attributes":{}},"tt18.jpg57022":{"filename":"tt18.jpg","size":57022,"regions":[{"shape_attributes":{"name":"polygon","all_points_x":[359,390,355,334,275,182,354],"all_points_y":[119,237,339,335,357,221,110]},"region_attributes":{"tshirt":"t2"}},{"shape_attributes":{"name":"polygon","all_points_x":[811,777,776,799,878,972],"all_points_y":[103,176,243,326,355,232]},"region_attributes":{"tshirt":"t2"}},{"shape_attributes":{"name":"polygon","all_points_x":[470,532,591,637,682,661,634,584,548,489],"all_points_y":[50,127,137,114,51,36,67,71,71,39]},"region_attributes":{"tshirt":"t1"}},{"shape_attributes":{"name":"polygon","all_points_x":[348,808,804,772,814,681,626,583,527,476,358,390,355],"all_points_y":[721,717,331,190,101,46,117,138,121,51,103,222,342]},"region_attributes":{"tshirt":"t3"}}],"file_attributes":{}},"tt19.jpg344308":{"filename":"tt19.jpg","size":344308,"regions":[{"shape_attributes":{"name":"polygon","all_points_x":[139,168,154,88,109],"all_points_y":[262,345,425,411,314]},"region_attributes":{"tshirt":"t2"}},{"shape_attributes":{"name":"polygon","all_points_x":[435,387,423,485,463],"all_points_y":[262,362,428,401,300]},"region_attributes":{"tshirt":"t2"}},{"shape_attributes":{"name":"polygon","all_points_x":[564,610,603,827,825,869,777,754,714,659,654,602],"all_points_y":[267,362,692,692,387,269,227,269,272,262,227,248]},"region_attributes":{"tshirt":"t3"}},{"shape_attributes":{"name":"polygon","all_points_x":[674,709,754,779,768,747,706,680,664,659],"all_points_y":[218,227,220,225,253,274,274,272,258,232]},"region_attributes":{"tshirt":"t1"}},{"shape_attributes":{"name":"polygon","all_points_x":[179,314,395,395,437,338,227,140,175],"all_points_y":[699,709,695,378,248,213,224,260,352]},"region_attributes":{"tshirt":"t4"}}],"file_attributes":{}},"tt20.jpg13069":{"filename":"tt20.jpg","size":13069,"regions":[{"shape_attributes":{"name":"polygon","all_points_x":[89,97,95,28,69],"all_points_y":[29,84,172,143,51]},"region_attributes":{"tshirt":"t2"}},{"shape_attributes":{"name":"polygon","all_points_x":[279,276,281,292,352,284],"all_points_y":[33,67,156,173,143,31]},"region_attributes":{"tshirt":"t2"}},{"shape_attributes":{"name":"polygon","all_points_x":[235,228,201,172,155,143,149,169,208,220],"all_points_y":[8,52,63,60,41,7,1,13,1,1]},"region_attributes":{"tshirt":"t1"}},{"shape_attributes":{"name":"polygon","all_points_x":[92,292,283,276,231,228,197,171,139,91,100],"all_points_y":[375,376,159,29,4,49,63,57,7,28,72]},"region_attributes":{"tshirt":"t3"}}],"file_attributes":{}},"tt21.jpg78603":{"filename":"tt21.jpg","size":78603,"regions":[{"shape_attributes":{"name":"polygon","all_points_x":[171,183,154,84,12],"all_points_y":[74,178,306,304,164]},"region_attributes":{"tshirt":"t2"}},{"shape_attributes":{"name":"polygon","all_points_x":[602,588,617,644,704,770,651,606],"all_points_y":[80,222,280,295,317,168,87,69]},"region_attributes":{"tshirt":"t2"}},{"shape_attributes":{"name":"polygon","all_points_x":[483,461,431,403,370,340,326,318,307,315,358,423,456],"all_points_y":[48,106,135,135,135,125,102,65,36,23,47,45,32]},"region_attributes":{"tshirt":"t1"}},{"shape_attributes":{"name":"polygon","all_points_x":[186,668,649,595,580,605,527,485,459,424,375,340,304,178,186,153],"all_points_y":[761,764,304,266,178,70,47,41,109,134,139,134,34,69,174,307]},"region_attributes":{"tshirt":"t3"}}],"file_attributes":{}},"tt22.jpg6001":{"filename":"tt22.jpg","size":6001,"regions":[{"shape_attributes":{"name":"polygon","all_points_x":[60,64,64,58,30,38,45],"all_points_y":[23,47,73,83,71,40,29]},"region_attributes":{"tshirt":"t2"}},{"shape_attributes":{"name":"polygon","all_points_x":[173,166,174,196,191,182],"all_points_y":[27,71,84,74,41,29]},"region_attributes":{"tshirt":"t2"}},{"shape_attributes":{"name":"polygon","all_points_x":[144,137,120,106,97,91,96,102,111,125,136],"all_points_y":[15,28,35,35,25,14,3,16,19,23,8]},"region_attributes":{"tshirt":"t1"}},{"shape_attributes":{"name":"polygon","all_points_x":[58,174,162,167,173,144,140,121,107,91,60,65,64,66],"all_points_y":[197,198,107,74,27,15,27,37,36,15,24,59,83,134]},"region_attributes":{"tshirt":"t3"}}],"file_attributes":{}},"tt23.jpg6046":{"filename":"tt23.jpg","size":6046,"regions":[{"shape_attributes":{"name":"polygon","all_points_x":[50,54,50,42,8],"all_points_y":[21,50,91,101,62]},"region_attributes":{"tshirt":"t2"}},{"shape_attributes":{"name":"polygon","all_points_x":[171,171,184,218],"all_points_y":[23,95,106,68]},"region_attributes":{"tshirt":"t2"}},{"shape_attributes":{"name":"polygon","all_points_x":[138,122,106,91,85,85,111,132],"all_points_y":[11,35,37,25,12,7,13,6]},"region_attributes":{"tshirt":"t1"}},{"shape_attributes":{"name":"polygon","all_points_x":[41,176,171,170,138,124,106,91,85,50,55],"all_points_y":[216,213,95,23,10,34,37,26,9,21,53]},"region_attributes":{"tshirt":"t3"}}],"file_attributes":{}},"tt24.jpg6566":{"filename":"tt24.jpg","size":6566,"regions":[{"shape_attributes":{"name":"polygon","all_points_x":[53,62,58,35,42],"all_points_y":[29,62,90,87,39]},"region_attributes":{"tshirt":"t2"}},{"shape_attributes":{"name":"polygon","all_points_x":[166,162,163,163,188,182,172],"all_points_y":[30,64,89,92,87,39,30]},"region_attributes":{"tshirt":"t2"}},{"shape_attributes":{"name":"polygon","all_points_x":[140,129,112,98,84,82,88,132],"all_points_y":[16,29,33,31,18,15,13,11]},"region_attributes":{"tshirt":"t1"}},{"shape_attributes":{"name":"polygon","all_points_x":[62,162,163,161,167,140,131,114,100,82,53,62,60],"all_points_y":[210,211,90,57,28,15,31,33,31,15,29,59,89]},"region_attributes":{"tshirt":"t3"}}],"file_attributes":{}},"tt25.jpg6368":{"filename":"tt25.jpg","size":6368,"regions":[{"shape_attributes":{"name":"polygon","all_points_x":[55,56,39,5],"all_points_y":[23,91,107,73]},"region_attributes":{"tshirt":"t2"}},{"shape_attributes":{"name":"polygon","all_points_x":[173,170,191,222],"all_points_y":[25,92,105,73]},"region_attributes":{"tshirt":"t2"}},{"shape_attributes":{"name":"polygon","all_points_x":[149,134,111,98,80,86,106,118,138,147],"all_points_y":[12,38,44,40,7,5,13,12,5,5]},"region_attributes":{"tshirt":"t1"}},{"shape_attributes":{"name":"polygon","all_points_x":[181,168,174,146,137,114,98,82,57,57,50],"all_points_y":[215,90,23,7,35,43,41,7,21,97,222]},"region_attributes":{"tshirt":"t3"}}],"file_attributes":{}},"tt26.jpg10107":{"filename":"tt26.jpg","size":10107,"regions":[{"shape_attributes":{"name":"polygon","all_points_x":[59,56,50,31,28,42],"all_points_y":[77,119,129,118,115,88]},"region_attributes":{"tshirt":"t2"}},{"shape_attributes":{"name":"polygon","all_points_x":[162,153,145,148,174,170],"all_points_y":[103,127,149,157,155,115]},"region_attributes":{"tshirt":"t2"}},{"shape_attributes":{"name":"polygon","all_points_x":[84,90,113,131,142,137,134,121,102,93,90],"all_points_y":[72,89,98,97,88,81,88,90,88,79,70]},"region_attributes":{"tshirt":"t1"}},{"shape_attributes":{"name":"polygon","all_points_x":[38,91,132,140,141,148,162,142,128,110,90,83,59,58],"all_points_y":[240,255,251,183,158,149,102,88,98,98,89,72,77,115]},"region_attributes":{"tshirt":"t3"}}],"file_attributes":{}},"tt27.jpg5578":{"filename":"tt27.jpg","size":5578,"regions":[{"shape_attributes":{"name":"polygon","all_points_x":[66,68,61,49,36,27,34,38,58],"all_points_y":[16,37,61,75,65,38,37,37,19]},"region_attributes":{"tshirt":"t2"}},{"shape_attributes":{"name":"polygon","all_points_x":[158,156,162,170,182,194,184,166],"all_points_y":[19,37,71,72,73,54,39,23]},"region_attributes":{"tshirt":"t2"}},{"shape_attributes":{"name":"polygon","all_points_x":[142,126,109,91,81,81,88,110,132],"all_points_y":[16,37,41,33,18,13,13,18,13]},"region_attributes":{"tshirt":"t1"}},{"shape_attributes":{"name":"polygon","all_points_x":[47,56,49,64,68,80,90,106,123,131,141,156,156,161,170,165,170,182,180,118],"all_points_y":[205,87,76,57,15,13,35,41,39,31,17,17,40,73,72,122,155,199,203,213]},"region_attributes":{"tshirt":"t3"}}],"file_attributes":{}},"tt28.jpg7932":{"filename":"tt28.jpg","size":7932,"regions":[{"shape_attributes":{"name":"polygon","all_points_x":[27,40,42,25,0,15],"all_points_y":[23,82,105,106,97,36]},"region_attributes":{"tshirt":"t2"}},{"shape_attributes":{"name":"polygon","all_points_x":[170,159,162,199,180],"all_points_y":[19,73,103,91,25]},"region_attributes":{"tshirt":"t2"}},{"shape_attributes":{"name":"polygon","all_points_x":[138,127,100,76,64,72,104,126],"all_points_y":[8,23,25,22,7,3,3,1]},"region_attributes":{"tshirt":"t1"}},{"shape_attributes":{"name":"polygon","all_points_x":[42,47,40,40,26,64,82,125,139,168,159,160,166,109,71],"all_points_y":[229,135,103,70,23,7,24,24,9,17,71,111,231,239,239]},"region_attributes":{"tshirt":"t3"}}],"file_attributes":{}},"tt29.jpg6161":{"filename":"tt29.jpg","size":6161,"regions":[{"shape_attributes":{"name":"polygon","all_points_x":[50,57,26,36],"all_points_y":[29,94,83,41]},"region_attributes":{"tshirt":"t2"}},{"shape_attributes":{"name":"polygon","all_points_x":[173,171,200,195,190],"all_points_y":[29,92,83,62,39]},"region_attributes":{"tshirt":"t2"}},{"shape_attributes":{"name":"polygon","all_points_x":[76,89,118,138,146,147,138,136,112,84],"all_points_y":[17,33,37,31,17,16,13,25,29,15]},"region_attributes":{"tshirt":"t1"}},{"shape_attributes":{"name":"polygon","all_points_x":[60,109,166,166,170,175,148,134,118,93,78,52,58],"all_points_y":[207,217,209,95,47,27,17,34,37,35,17,31,123]},"region_attributes":{"tshirt":"t3"}}],"file_attributes":{}},"tt30.jpg4102":{"filename":"tt30.jpg","size":4102,"regions":[{"shape_attributes":{"name":"polygon","all_points_x":[52,70,68,62,22],"all_points_y":[31,47,97,101,81]},"region_attributes":{"tshirt":"t2"}},{"shape_attributes":{"name":"polygon","all_points_x":[164,172,184,204,163],"all_points_y":[51,28,35,85,99]},"region_attributes":{"tshirt":"t2"}},{"shape_attributes":{"name":"polygon","all_points_x":[146,118,101,86,96,138],"all_points_y":[19,33,31,19,13,14]},"region_attributes":{"tshirt":"t1"}},{"shape_attributes":{"name":"polygon","all_points_x":[68,162,162,164,173,144,121,104,85,50,69],"all_points_y":[211,211,99,47,31,18,33,32,20,32,44]},"region_attributes":{"tshirt":"t3"}}],"file_attributes":{}},"tt31.jpg4170":{"filename":"tt31.jpg","size":4170,"regions":[{"shape_attributes":{"name":"polygon","all_points_x":[67,69,65,37,64],"all_points_y":[66,90,120,101,63]},"region_attributes":{"tshirt":"t2"}},{"shape_attributes":{"name":"polygon","all_points_x":[157,154,152,157,188,163],"all_points_y":[65,83,105,121,100,69]},"region_attributes":{"tshirt":"t2"}},{"shape_attributes":{"name":"polygon","all_points_x":[142,129,112,96,83,91,109,132],"all_points_y":[58,73,79,79,53,49,55,49]},"region_attributes":{"tshirt":"t1"}},{"shape_attributes":{"name":"polygon","all_points_x":[155,153,156,142,129,104,93,84,68,68,70],"all_points_y":[205,115,65,58,75,75,69,54,61,132,206]},"region_attributes":{"tshirt":"t3"}}],"file_attributes":{}},"tt32.jpg7599":{"filename":"tt32.jpg","size":7599,"regions":[{"shape_attributes":{"name":"polygon","all_points_x":[28,34,29,4,20],"all_points_y":[61,91,106,99,69]},"region_attributes":{"tshirt":"t2"}},{"shape_attributes":{"name":"polygon","all_points_x":[96,108,128,108],"all_points_y":[91,62,95,108]},"region_attributes":{"tshirt":"t2"}},{"shape_attributes":{"name":"polygon","all_points_x":[162,171,171,185,230,230,240,218,204,184,167],"all_points_y":[66,107,174,181,177,101,63,57,61,59,62]},"region_attributes":{"tshirt":"t4"}},{"shape_attributes":{"name":"polygon","all_points_x":[48,61,71,86,80,52],"all_points_y":[55,64,64,56,51,49]},"region_attributes":{"tshirt":"t1"}},{"shape_attributes":{"name":"polygon","all_points_x":[35,38,34,27,47,58,70,88,106,96,102,62,40],"all_points_y":[174,116,89,59,53,65,65,55,61,91,176,180,180]},"region_attributes":{"tshirt":"t3"}}],"file_attributes":{}},"tt33.jpg7227":{"filename":"tt33.jpg","size":7227,"regions":[{"shape_attributes":{"name":"polygon","all_points_x":[24,32,30,9,16],"all_points_y":[28,57,76,76,32]},"region_attributes":{"tshirt":"t2"}},{"shape_attributes":{"name":"polygon","all_points_x":[111,107,100,100,104,124],"all_points_y":[24,30,53,71,77,74]},"region_attributes":{"tshirt":"t2"}},{"shape_attributes":{"name":"polygon","all_points_x":[180,190,194,229,264,262,268,241,208],"all_points_y":[27,67,140,152,144,77,26,15,14]},"region_attributes":{"tshirt":"t4"}},{"shape_attributes":{"name":"polygon","all_points_x":[86,73,59,44,60,82],"all_points_y":[17,32,33,16,9,12]},"region_attributes":{"tshirt":"t1"}},{"shape_attributes":{"name":"polygon","all_points_x":[106,99,110,85,74,57,44,26,33,31],"all_points_y":[142,59,27,14,33,31,13,27,58,146]},"region_attributes":{"tshirt":"t3"}}],"file_attributes":{}},"tt34.jpg7561":{"filename":"tt34.jpg","size":7561,"regions":[{"shape_attributes":{"name":"polygon","all_points_x":[27,33,33,12,16],"all_points_y":[51,78,99,89,55]},"region_attributes":{"tshirt":"t2"}},{"shape_attributes":{"name":"polygon","all_points_x":[100,93,94,100,119,117,113],"all_points_y":[45,73,95,104,96,64,55]},"region_attributes":{"tshirt":"t2"}},{"shape_attributes":{"name":"polygon","all_points_x":[91,84,64,48,43,54,76],"all_points_y":[42,55,49,55,37,25,25]},"region_attributes":{"tshirt":"t1"}},{"shape_attributes":{"name":"polygon","all_points_x":[146,158,154,199,222,222,230,203,169],"all_points_y":[53,94,163,174,168,91,45,32,35]},"region_attributes":{"tshirt":"t4"}},{"shape_attributes":{"name":"polygon","all_points_x":[30,65,102,96,94,100,88,81,62,48,43,28,35],"all_points_y":[167,175,168,101,62,46,39,53,50,55,41,50,78]},"region_attributes":{"tshirt":"t3"}}],"file_attributes":{}},"tt35.jpg7439":{"filename":"tt35.jpg","size":7439,"regions":[{"shape_attributes":{"name":"polygon","all_points_x":[37,47,42,21,2],"all_points_y":[44,83,97,107,65]},"region_attributes":{"tshirt":"t2"}},{"shape_attributes":{"name":"polygon","all_points_x":[164,163,186,204,168],"all_points_y":[43,101,107,62,41]},"region_attributes":{"tshirt":"t2"}},{"shape_attributes":{"name":"polygon","all_points_x":[134,120,94,75,83,108,128],"all_points_y":[33,50,49,35,28,38,30]},"region_attributes":{"tshirt":"t1"}},{"shape_attributes":{"name":"polygon","all_points_x":[42,170,162,165,136,122,94,75,38,48,42],"all_points_y":[209,209,103,39,34,48,49,33,45,83,100]},"region_attributes":{"tshirt":"t3"}}],"file_attributes":{}},"tt36.jpg4691":{"filename":"tt36.jpg","size":4691,"regions":[{"shape_attributes":{"name":"polygon","all_points_x":[44,62,24,25,30],"all_points_y":[23,117,108,89,48]},"region_attributes":{"tshirt":"t2"}},{"shape_attributes":{"name":"polygon","all_points_x":[182,170,172,204,190],"all_points_y":[31,63,113,103,41]},"region_attributes":{"tshirt":"t2"}},{"shape_attributes":{"name":"polygon","all_points_x":[146,130,102,78,74,86,106,136],"all_points_y":[13,29,30,17,12,7,7,3]},"region_attributes":{"tshirt":"t1"}},{"shape_attributes":{"name":"polygon","all_points_x":[59,58,59,41,78,104,130,148,184,172,173,170,164],"all_points_y":[218,115,73,25,12,31,31,13,28,63,114,116,219]},"region_attributes":{"tshirt":"t3"}}],"file_attributes":{}},"tt37.jpg3708":{"filename":"tt37.jpg","size":3708,"regions":[{"shape_attributes":{"name":"polygon","all_points_x":[50,68,68,62,20],"all_points_y":[27,56,81,95,79]},"region_attributes":{"tshirt":"t2"}},{"shape_attributes":{"name":"polygon","all_points_x":[170,190,215,180],"all_points_y":[79,25,83,97]},"region_attributes":{"tshirt":"t2"}},{"shape_attributes":{"name":"polygon","all_points_x":[90,96,114,138,156,148,126,98,93],"all_points_y":[11,23,31,28,9,4,6,3,3]},"region_attributes":{"tshirt":"t1"}},{"shape_attributes":{"name":"polygon","all_points_x":[66,168,169,190,157,140,116,94,90,52,69],"all_points_y":[207,205,81,25,7,27,31,22,6,28,54]},"region_attributes":{"tshirt":"t3"}}],"file_attributes":{}},"tt38.jpg4229":{"filename":"tt38.jpg","size":4229,"regions":[{"shape_attributes":{"name":"polygon","all_points_x":[57,64,62,25],"all_points_y":[17,76,82,65]},"region_attributes":{"tshirt":"t2"}},{"shape_attributes":{"name":"polygon","all_points_x":[185,170,176,206],"all_points_y":[18,72,78,70]},"region_attributes":{"tshirt":"t2"}},{"shape_attributes":{"name":"polygon","all_points_x":[158,133,107,87,96,118,146],"all_points_y":[8,31,32,7,1,7,1]},"region_attributes":{"tshirt":"t1"}},{"shape_attributes":{"name":"polygon","all_points_x":[68,76,58,92,94,109,135,157,184,170,163,180],"all_points_y":[207,121,17,4,22,33,33,7,18,71,101,206]},"region_attributes":{"tshirt":"t3"}}],"file_attributes":{}},"tt39.jpg4146":{"filename":"tt39.jpg","size":4146,"regions":[{"shape_attributes":{"name":"polygon","all_points_x":[44,40,26,7],"all_points_y":[15,63,70,42]},"region_attributes":{"tshirt":"t2"}},{"shape_attributes":{"name":"polygon","all_points_x":[133,126,164,148],"all_points_y":[63,13,43,69]},"region_attributes":{"tshirt":"t2"}},{"shape_attributes":{"name":"polygon","all_points_x":[107,92,71,62,69,84,101],"all_points_y":[10,19,16,10,5,12,5]},"region_attributes":{"tshirt":"t1"}},{"shape_attributes":{"name":"polygon","all_points_x":[132,132,125,107,97,72,64,44,38,41],"all_points_y":[153,62,16,9,17,17,11,15,78,152]},"region_attributes":{"tshirt":"t3"}},{"shape_attributes":{"name":"polygon","all_points_x":[192,183,272,273,278,251,222,210],"all_points_y":[17,149,151,63,21,11,15,10]},"region_attributes":{"tshirt":"t4"}}],"file_attributes":{}},"tt40.jpg5585":{"filename":"tt40.jpg","size":5585,"regions":[{"shape_attributes":{"name":"polygon","all_points_x":[68,62,27,32,42],"all_points_y":[67,101,100,78,33]},"region_attributes":{"tshirt":"t2"}},{"shape_attributes":{"name":"polygon","all_points_x":[173,164,166,197,184],"all_points_y":[25,68,95,88,43]},"region_attributes":{"tshirt":"t2"}},{"shape_attributes":{"name":"polygon","all_points_x":[142,123,103,92,78,84,113,119,134],"all_points_y":[11,25,27,23,15,7,19,19,7]},"region_attributes":{"tshirt":"t1"}},{"shape_attributes":{"name":"polygon","all_points_x":[64,176,165,164,164,175,142,126,104,75,51,65,64,58],"all_points_y":[210,211,122,95,66,20,11,23,28,15,27,64,141,188]},"region_attributes":{"tshirt":"t3"}}],"file_attributes":{}},"tt41.jpg35436":{"filename":"tt41.jpg","size":35436,"regions":[{"shape_attributes":{"name":"polygon","all_points_x":[164,208,185,107,105,139],"all_points_y":[99,244,301,284,184,113]},"region_attributes":{"tshirt":"t2"}},{"shape_attributes":{"name":"polygon","all_points_x":[485,529,561,581,505],"all_points_y":[252,97,151,279,301]},"region_attributes":{"tshirt":"t2"}},{"shape_attributes":{"name":"polygon","all_points_x":[437,431,379,348,309,297,271,261,271,281,311,367,399],"all_points_y":[63,132,120,148,132,124,131,63,63,25,17,17,23]},"region_attributes":{"tshirt":"t1"}},{"shape_attributes":{"name":"polygon","all_points_x":[177,203,165,260,268,428,436,528,484,497,345,223],"all_points_y":[647,257,97,67,125,131,68,97,285,655,675,679]},"region_attributes":{"tshirt":"t3"}}],"file_attributes":{}},"tt42.jpg5746":{"filename":"tt42.jpg","size":5746,"regions":[{"shape_attributes":{"name":"polygon","all_points_x":[63,66,29,33,51],"all_points_y":[108,119,125,81,42]},"region_attributes":{"tshirt":"t2"}},{"shape_attributes":{"name":"polygon","all_points_x":[224,205,213,251,241],"all_points_y":[38,84,124,119,66]},"region_attributes":{"tshirt":"t2"}},{"shape_attributes":{"name":"polygon","all_points_x":[173,135,107,121,165],"all_points_y":[17,38,19,7,7]},"region_attributes":{"tshirt":"t1"}},{"shape_attributes":{"name":"polygon","all_points_x":[67,67,54,107,131,173,222,210,206,211,200,129],"all_points_y":[289,122,35,14,39,15,37,73,87,289,297,292]},"region_attributes":{"tshirt":"t3"}}],"file_attributes":{}},"tt43.jpg9028":{"filename":"tt43.jpg","size":9028,"regions":[{"shape_attributes":{"name":"polygon","all_points_x":[192,197,187,113,181],"all_points_y":[117,191,291,244,119]},"region_attributes":{"tshirt":"t2"}},{"shape_attributes":{"name":"polygon","all_points_x":[433,432,505],"all_points_y":[116,287,249]},"region_attributes":{"tshirt":"t2"}},{"shape_attributes":{"name":"polygon","all_points_x":[374,353,315,286,248,243,257,315],"all_points_y":[89,137,148,145,103,90,81,94]},"region_attributes":{"tshirt":"t1"}},{"shape_attributes":{"name":"polygon","all_points_x":[235,190,193,189,189,427,427,430,379,365,323,275],"all_points_y":[87,110,257,289,534,533,233,111,87,125,146,143]},"region_attributes":{"tshirt":"t3"}}],"file_attributes":{}},"tt44.jpg14944":{"filename":"tt44.jpg","size":14944,"regions":[{"shape_attributes":{"name":"polygon","all_points_x":[71,89,83,46,51,58],"all_points_y":[57,102,137,132,74,65]},"region_attributes":{"tshirt":"t2"}},{"shape_attributes":{"name":"polygon","all_points_x":[222,204,210,250,240,231],"all_points_y":[62,109,139,131,85,65]},"region_attributes":{"tshirt":"t2"}},{"shape_attributes":{"name":"polygon","all_points_x":[182,166,131,110,114,118,172],"all_points_y":[36,59,61,35,31,19,17]},"region_attributes":{"tshirt":"t1"}},{"shape_attributes":{"name":"polygon","all_points_x":[86,142,207,204,222,182,166,132,110,72,91],"all_points_y":[284,294,287,109,62,34,59,61,37,59,103]},"region_attributes":{"tshirt":"t3"}}],"file_attributes":{}},"tt45.jpg15640":{"filename":"tt45.jpg","size":15640,"regions":[{"shape_attributes":{"name":"polygon","all_points_x":[107,128,96,27],"all_points_y":[47,217,237,177]},"region_attributes":{"tshirt":"t2"}},{"shape_attributes":{"name":"polygon","all_points_x":[397,369,401,476],"all_points_y":[55,205,235,178]},"region_attributes":{"tshirt":"t2"}},{"shape_attributes":{"name":"polygon","all_points_x":[332,273,223,167,193,223,271,308],"all_points_y":[18,73,73,11,2,14,17,3]},"region_attributes":{"tshirt":"t1"}},{"shape_attributes":{"name":"polygon","all_points_x":[123,380,371,396,329,273,223,171,107,128],"all_points_y":[493,495,199,50,11,79,74,15,47,215]},"region_attributes":{"tshirt":"t3"}}],"file_attributes":{}},"tt46.jpg20799":{"filename":"tt46.jpg","size":20799,"regions":[{"shape_attributes":{"name":"polygon","all_points_x":[112,129,107,95,52],"all_points_y":[54,119,178,178,109]},"region_attributes":{"tshirt":"t2"}},{"shape_attributes":{"name":"polygon","all_points_x":[355,333,345,372,413],"all_points_y":[70,122,178,179,117]},"region_attributes":{"tshirt":"t2"}},{"shape_attributes":{"name":"polygon","all_points_x":[300,247,200,171,188,224,283],"all_points_y":[42,94,93,30,37,46,29]},"region_attributes":{"tshirt":"t1"}},{"shape_attributes":{"name":"polygon","all_points_x":[105,108,128,112,172,197,249,297,352,336,345,356,351],"all_points_y":[425,185,125,55,30,93,97,47,62,111,178,179,427]},"region_attributes":{"tshirt":"t3"}}],"file_attributes":{}},"tt47.jpg52575":{"filename":"tt47.jpg","size":52575,"regions":[{"shape_attributes":{"name":"polygon","all_points_x":[181,217,181,96,13],"all_points_y":[117,209,351,359,218]},"region_attributes":{"tshirt":"t2"}},{"shape_attributes":{"name":"polygon","all_points_x":[644,609,599,636,713,801],"all_points_y":[98,170,254,331,353,229]},"region_attributes":{"tshirt":"t2"}},{"shape_attributes":{"name":"polygon","all_points_x":[512,465,413,372,301,325,353,421,455,487],"all_points_y":[53,110,134,127,53,39,63,71,69,38]},"region_attributes":{"tshirt":"t1"}},{"shape_attributes":{"name":"polygon","all_points_x":[177,635,635,604,609,641,511,463,391,356,300,181,213],"all_points_y":[725,721,327,257,183,97,47,111,131,121,51,110,205]},"region_attributes":{"tshirt":"t3"}}],"file_attributes":{}},"tt48.jpg80006":{"filename":"tt48.jpg","size":80006,"regions":[{"shape_attributes":{"name":"polygon","all_points_x":[142,225,192,39,55,87],"all_points_y":[126,282,513,498,246,167]},"region_attributes":{"tshirt":"t2"}},{"shape_attributes":{"name":"polygon","all_points_x":[767,680,703,859,830],"all_points_y":[136,382,519,498,203]},"region_attributes":{"tshirt":"t2"}},{"shape_attributes":{"name":"polygon","all_points_x":[604,585,526,498,413,395,351,318,292,317,445,569],"all_points_y":[55,148,172,217,234,184,145,126,58,9,30,11]},"region_attributes":{"tshirt":"t1"}},{"shape_attributes":{"name":"polygon","all_points_x":[173,200,226,145,287,307,376,544,588,599,766,672,699,718,451],"all_points_y":[1137,476,289,126,55,133,173,178,153,51,133,396,725,1143,1171]},"region_attributes":{"tshirt":"t3"}}],"file_attributes":{}},"tt49.jpg30429":{"filename":"tt49.jpg","size":30429,"regions":[{"shape_attributes":{"name":"polygon","all_points_x":[136,177,185,99,107],"all_points_y":[87,175,267,274,139]},"region_attributes":{"tshirt":"t2"}},{"shape_attributes":{"name":"polygon","all_points_x":[527,500,501,589,577,560],"all_points_y":[78,227,269,261,135,99]},"region_attributes":{"tshirt":"t2"}},{"shape_attributes":{"name":"polygon","all_points_x":[425,404,355,300,273,257,253,273,392],"all_points_y":[35,66,82,79,69,49,29,17,19]},"region_attributes":{"tshirt":"t1"}},{"shape_attributes":{"name":"polygon","all_points_x":[176,501,503,525,425,408,345,304,275,252,252,137,179,193],"all_points_y":[665,666,195,73,33,61,83,79,70,46,33,81,178,274]},"region_attributes":{"tshirt":"t3"}}],"file_attributes":{}},"tt50.jpg539655":{"filename":"tt50.jpg","size":539655,"regions":[{"shape_attributes":{"name":"polygon","all_points_x":[714,766,719,644,447],"all_points_y":[279,501,773,812,583]},"region_attributes":{"tshirt":"t2"}},{"shape_attributes":{"name":"polygon","all_points_x":[1688,1646,1676,1693,1768,1964],"all_points_y":[304,508,742,719,763,532]},"region_attributes":{"tshirt":"t2"}},{"shape_attributes":{"name":"polygon","all_points_x":[1393,1342,1283,1124,1051,1023,986,995,1075,1196,1318],"all_points_y":[173,295,370,379,349,302,208,136,148,155,136]},"region_attributes":{"tshirt":"t1"}},{"shape_attributes":{"name":"polygon","all_points_x":[721,714,770,709,983,1047,1112,1276,1346,1396,1676,1655,1639,1674,1721],"all_points_y":[1627,761,501,274,162,349,379,372,288,166,293,471,520,784,1609]},"region_attributes":{"tshirt":"t3"}}],"file_attributes":{}},"tt51.jpg15074":{"filename":"tt51.jpg","size":15074,"regions":[{"shape_attributes":{"name":"polygon","all_points_x":[30,47,47,30,1,14],"all_points_y":[43,135,145,143,127,63]},"region_attributes":{"tshirt":"t2"}},{"shape_attributes":{"name":"polygon","all_points_x":[246,237,235,237,283,274,273,267],"all_points_y":[38,79,129,150,132,97,74,63]},"region_attributes":{"tshirt":"t2"}},{"shape_attributes":{"name":"polygon","all_points_x":[195,165,133,104,88,97,104,123,143,160,179],"all_points_y":[15,49,57,41,15,9,23,36,41,36,9]},"region_attributes":{"tshirt":"t1"}},{"shape_attributes":{"name":"polygon","all_points_x":[53,107,153,215,239,232,235,240,245,193,165,136,101,87,31,50,61],"all_points_y":[339,355,359,351,329,289,135,63,38,17,50,57,39,18,42,142,207]},"region_attributes":{"tshirt":"t3"}}],"file_attributes":{}},"tt52.jpg101004":{"filename":"tt52.jpg","size":101004,"regions":[{"shape_attributes":{"name":"polygon","all_points_x":[131,177,173,6,35,75],"all_points_y":[129,403,495,451,218,162]},"region_attributes":{"tshirt":"t2"}},{"shape_attributes":{"name":"polygon","all_points_x":[780,726,734,892,871,830],"all_points_y":[146,331,495,451,239,156]},"region_attributes":{"tshirt":"t2"}},{"shape_attributes":{"name":"polygon","all_points_x":[599,491,383,283,333,441,559],"all_points_y":[64,162,168,69,31,54,37]},"region_attributes":{"tshirt":"t1"}},{"shape_attributes":{"name":"polygon","all_points_x":[148,181,177,139,283,372,499,599,788,722,730,757,464,135],"all_points_y":[1117,480,381,129,71,173,156,62,137,337,539,1119,1169,1133]},"region_attributes":{"tshirt":"t3"}}],"file_attributes":{}},"tt53.jpg8290":{"filename":"tt53.jpg","size":8290,"regions":[{"shape_attributes":{"name":"polygon","all_points_x":[89,95,73,76,80],"all_points_y":[70,128,135,116,75]},"region_attributes":{"tshirt":"t2"}},{"shape_attributes":{"name":"polygon","all_points_x":[202,200,207,215,227,213],"all_points_y":[67,93,147,157,145,78]},"region_attributes":{"tshirt":"t2"}},{"shape_attributes":{"name":"polygon","all_points_x":[182,164,137,111,120,138,164,173],"all_points_y":[57,81,82,57,51,55,55,51]},"region_attributes":{"tshirt":"t1"}},{"shape_attributes":{"name":"polygon","all_points_x":[87,126,194,203,208,200,200,180,162,139,110,84,94,94,85],"all_points_y":[269,267,269,273,147,79,66,55,81,82,56,70,122,151,161]},"region_attributes":{"tshirt":"t3"}}],"file_attributes":{}},"tt54.jpg87188":{"filename":"tt54.jpg","size":87188,"regions":[{"shape_attributes":{"name":"polygon","all_points_x":[464,508,460,402,377,416,435],"all_points_y":[368,514,809,795,745,447,393]},"region_attributes":{"tshirt":"t2"}},{"shape_attributes":{"name":"polygon","all_points_x":[1109,1057,1105,1201,1140],"all_points_y":[395,493,793,778,422]},"region_attributes":{"tshirt":"t2"}},{"shape_attributes":{"name":"polygon","all_points_x":[967,874,714,585,630,749,868,922],"all_points_y":[298,443,454,295,260,298,281,273]},"region_attributes":{"tshirt":"t1"}},{"shape_attributes":{"name":"polygon","all_points_x":[447,633,897,1076,1121,1105,1040,1113,974,882,701,610,472,522,458],"all_points_y":[1436,1402,1402,1454,863,789,487,377,298,418,418,302,356,526,830]},"region_attributes":{"tshirt":"t3"}}],"file_attributes":{}},"tt55.jpg74324":{"filename":"tt55.jpg","size":74324,"regions":[{"shape_attributes":{"name":"polygon","all_points_x":[383,416,425,355,187],"all_points_y":[75,161,433,480,329]},"region_attributes":{"tshirt":"t2"}},{"shape_attributes":{"name":"polygon","all_points_x":[1005,964,965,1045,1212],"all_points_y":[73,161,399,456,302]},"region_attributes":{"tshirt":"t2"}},{"shape_attributes":{"name":"polygon","all_points_x":[834,775,714,659,542,532,594,681,730,790],"all_points_y":[24,94,137,128,38,19,2,36,40,9]},"region_attributes":{"tshirt":"t1"}},{"shape_attributes":{"name":"polygon","all_points_x":[416,986,972,958,1007,825,834,716,652,529,388,416],"all_points_y":[993,983,400,151,68,12,36,135,128,17,81,163]},"region_attributes":{"tshirt":"t3"}}],"file_attributes":{}},"tt56.jpg5128":{"filename":"tt56.jpg","size":5128,"regions":[{"shape_attributes":{"name":"polygon","all_points_x":[29,32,34,32,6,27],"all_points_y":[40,51,83,92,81,39]},"region_attributes":{"tshirt":"t2"}},{"shape_attributes":{"name":"polygon","all_points_x":[112,102,102,108,132,118],"all_points_y":[39,62,83,91,82,47]},"region_attributes":{"tshirt":"t2"}},{"shape_attributes":{"name":"polygon","all_points_x":[90,75,63,48,55,68,84],"all_points_y":[31,45,45,31,27,29,26]},"region_attributes":{"tshirt":"t1"}},{"shape_attributes":{"name":"polygon","all_points_x":[36,44,69,103,103,101,112,91,78,64,48,27,32,35],"all_points_y":[159,165,168,162,84,61,38,30,45,46,29,40,58,82]},"region_attributes":{"tshirt":"t3"}},{"shape_attributes":{"name":"polygon","all_points_x":[176,185,183,195,233,249,248,259,232,227,207,188,178],"all_points_y":[40,95,159,167,167,160,74,39,28,23,23,34,37]},"region_attributes":{"tshirt":"t4"}}],"file_attributes":{}},"tt57.jpg7283":{"filename":"tt57.jpg","size":7283,"regions":[{"shape_attributes":{"name":"polygon","all_points_x":[20,31,30,6,15,18],"all_points_y":[41,79,91,82,48,42]},"region_attributes":{"tshirt":"t2"}},{"shape_attributes":{"name":"polygon","all_points_x":[118,108,110,133,124],"all_points_y":[37,55,90,82,48]},"region_attributes":{"tshirt":"t2"}},{"shape_attributes":{"name":"polygon","all_points_x":[94,88,80,60,51,46,55,69,84,86],"all_points_y":[23,35,31,31,35,23,14,17,15,14]},"region_attributes":{"tshirt":"t1"}},{"shape_attributes":{"name":"polygon","all_points_x":[30,36,36,30,20,45,50,84,94,116,118,108,109,106,103,112,108,75,42],"all_points_y":[158,98,90,78,38,23,33,34,23,34,37,53,90,95,111,158,164,170,166]},"region_attributes":{"tshirt":"t3"}},{"shape_attributes":{"name":"polygon","all_points_x":[160,158,171,175,171,167,180,215,244,250,240,249,257,226,223,193,188],"all_points_y":[35,59,81,100,128,157,166,170,166,159,107,76,36,22,15,15,23]},"region_attributes":{"tshirt":"t4"}}],"file_attributes":{}},"tt58.jpg6357":{"filename":"tt58.jpg","size":6357,"regions":[{"shape_attributes":{"name":"polygon","all_points_x":[19,22,28,20,1,13,18],"all_points_y":[63,82,98,109,102,61,59]},"region_attributes":{"tshirt":"t2"}},{"shape_attributes":{"name":"polygon","all_points_x":[93,87,87,93,110,106,101],"all_points_y":[61,81,98,106,102,74,63]},"region_attributes":{"tshirt":"t2"}},{"shape_attributes":{"name":"polygon","all_points_x":[135,140,141,134,203,199,201,210,187,153,136],"all_points_y":[67,113,130,176,176,154,107,67,54,54,62]},"region_attributes":{"tshirt":"t4"}},{"shape_attributes":{"name":"polygon","all_points_x":[77,67,53,43,38,43,57,68,74,78],"all_points_y":[52,61,61,58,51,48,55,53,49,52]},"region_attributes":{"tshirt":"t1"}},{"shape_attributes":{"name":"polygon","all_points_x":[21,27,25,28,17,36,43,69,78,93,87,86,85,92,71,31],"all_points_y":[161,143,107,98,58,51,64,64,54,62,82,97,135,165,174,176]},"region_attributes":{"tshirt":"t3"}}],"file_attributes":{}},"tt59.jpg6862":{"filename":"tt59.jpg","size":6862,"regions":[{"shape_attributes":{"name":"polygon","all_points_x":[49,50,38,24,46],"all_points_y":[25,58,63,43,25]},"region_attributes":{"tshirt":"t2"}},{"shape_attributes":{"name":"polygon","all_points_x":[124,120,127,136,150],"all_points_y":[23,50,65,67,46]},"region_attributes":{"tshirt":"t2"}},{"shape_attributes":{"name":"polygon","all_points_x":[219,223,216,215,298,300,300,280,261,245,237],"all_points_y":[25,46,61,130,134,57,24,13,22,21,13]},"region_attributes":{"tshirt":"t4"}},{"shape_attributes":{"name":"polygon","all_points_x":[62,72,98,109,104,98,86,79,68],"all_points_y":[18,25,26,18,14,18,21,19,14]},"region_attributes":{"tshirt":"t1"}},{"shape_attributes":{"name":"polygon","all_points_x":[41,45,50,50,64,72,98,111,122,119,126,128],"all_points_y":[133,64,60,22,16,26,26,17,24,53,63,132]},"region_attributes":{"tshirt":"t3"}}],"file_attributes":{}},"tt60.jpg11133":{"filename":"tt60.jpg","size":11133,"regions":[{"shape_attributes":{"name":"polygon","all_points_x":[69,88,76,37,47],"all_points_y":[106,166,182,182,123]},"region_attributes":{"tshirt":"t2"}},{"shape_attributes":{"name":"polygon","all_points_x":[252,243,241,249,291,285,273],"all_points_y":[97,129,170,185,178,129,109]},"region_attributes":{"tshirt":"t2"}},{"shape_attributes":{"name":"polygon","all_points_x":[209,189,165,135,116,129,131,191,201],"all_points_y":[86,117,101,111,83,66,61,63,65]},"region_attributes":{"tshirt":"t1"}},{"shape_attributes":{"name":"polygon","all_points_x":[352,369,375,367,413,516,525,525,520,547,487,415],"all_points_y":[106,169,261,371,385,379,381,309,207,114,82,73]},"region_attributes":{"tshirt":"t4"}},{"shape_attributes":{"name":"polygon","all_points_x":[243,80,87,72,116,129,184,211,251,241,239],"all_points_y":[369,371,182,107,82,117,118,83,98,134,170]},"region_attributes":{"tshirt":"t3"}}],"file_attributes":{}},"tt61.jpg13081":{"filename":"tt61.jpg","size":13081,"regions":[{"shape_attributes":{"name":"polygon","all_points_x":[46,59,13,18,27],"all_points_y":[39,110,106,71,49]},"region_attributes":{"tshirt":"t2"}},{"shape_attributes":{"name":"polygon","all_points_x":[205,194,195,237,224,214],"all_points_y":[41,87,125,119,71,43]},"region_attributes":{"tshirt":"t2"}},{"shape_attributes":{"name":"polygon","all_points_x":[168,160,137,113,104,89,79,89,155],"all_points_y":[19,36,33,42,29,36,23,1,1]},"region_attributes":{"tshirt":"t1"}},{"shape_attributes":{"name":"polygon","all_points_x":[57,189,189,195,194,205,167,158,91,77,45,62],"all_points_y":[245,247,173,125,86,43,21,39,37,20,43,115]},"region_attributes":{"tshirt":"t3"}}],"file_attributes":{}},"tt62.jpg5993":{"filename":"tt62.jpg","size":5993,"regions":[{"shape_attributes":{"name":"polygon","all_points_x":[36,38,35,16,28],"all_points_y":[50,70,90,84,52]},"region_attributes":{"tshirt":"t2"}},{"shape_attributes":{"name":"polygon","all_points_x":[106,99,99,118,112],"all_points_y":[49,76,90,86,62]},"region_attributes":{"tshirt":"t2"}},{"shape_attributes":{"name":"polygon","all_points_x":[85,77,61,48,54,70],"all_points_y":[41,54,54,42,39,36]},"region_attributes":{"tshirt":"t1"}},{"shape_attributes":{"name":"polygon","all_points_x":[163,173,167,171,228,225,236,215,191],"all_points_y":[50,86,154,156,156,86,53,41,39]},"region_attributes":{"tshirt":"t4"}},{"shape_attributes":{"name":"polygon","all_points_x":[33,42,36,40,35,49,59,80,85,104,99,98],"all_points_y":[154,104,83,67,49,42,55,56,42,51,72,160]},"region_attributes":{"tshirt":"t3"}}],"file_attributes":{}},"tt63.jpg61962":{"filename":"tt63.jpg","size":61962,"regions":[{"shape_attributes":{"name":"polygon","all_points_x":[69,75,88,97,85,23,47],"all_points_y":[91,94,114,175,249,219,137]},"region_attributes":{"tshirt":"t2"}},{"shape_attributes":{"name":"polygon","all_points_x":[316,300,292,299,361],"all_points_y":[94,133,185,250,223]},"region_attributes":{"tshirt":"t2"}},{"shape_attributes":{"name":"polygon","all_points_x":[256,225,187,137,159,185,231],"all_points_y":[63,91,99,63,46,47,45]},"region_attributes":{"tshirt":"t1"}},{"shape_attributes":{"name":"polygon","all_points_x":[100,293,296,293,297,315,253,193,139,72],"all_points_y":[471,473,247,190,146,95,59,101,66,94]},"region_attributes":{"tshirt":"t3"}}],"file_attributes":{}},"tt64.jpg16965":{"filename":"tt64.jpg","size":16965,"regions":[{"shape_attributes":{"name":"polygon","all_points_x":[100,131,135,72,72,89],"all_points_y":[94,187,237,237,119,94]},"region_attributes":{"tshirt":"t2"}},{"shape_attributes":{"name":"polygon","all_points_x":[375,367,360,367,433,425,412,384],"all_points_y":[78,171,201,241,235,139,98,83]},"region_attributes":{"tshirt":"t2"}},{"shape_attributes":{"name":"polygon","all_points_x":[307,303,260,213,199,181,193,289],"all_points_y":[46,74,79,78,83,49,11,9]},"region_attributes":{"tshirt":"t1"}},{"shape_attributes":{"name":"polygon","all_points_x":[148,139,131,97,183,196,301,308,371,372,360,352,364,307,205],"all_points_y":[479,233,183,91,50,81,75,50,75,146,206,314,477,490,493]},"region_attributes":{"tshirt":"t3"}}],"file_attributes":{}},"tt65.jpg36294":{"filename":"tt65.jpg","size":36294,"regions":[{"shape_attributes":{"name":"polygon","all_points_x":[234,276,261,134,157,186],"all_points_y":[134,358,386,352,205,168]},"region_attributes":{"tshirt":"t2"}},{"shape_attributes":{"name":"polygon","all_points_x":[753,740,748,865,843,818,789],"all_points_y":[118,233,365,324,204,160,134]},"region_attributes":{"tshirt":"t2"}},{"shape_attributes":{"name":"polygon","all_points_x":[615,395,243,276,308,308,282,319,678,719,692,701,745,735,753],"all_points_y":[49,46,126,371,599,772,938,979,971,922,795,502,358,196,113]},"region_attributes":{"tshirt":"t4"}}],"file_attributes":{}},"tt66.jpg24687":{"filename":"tt66.jpg","size":24687,"regions":[{"shape_attributes":{"name":"polygon","all_points_x":[145,179,195,185,95,104,115],"all_points_y":[115,187,241,322,314,166,138]},"region_attributes":{"tshirt":"t2"}},{"shape_attributes":{"name":"polygon","all_points_x":[259,269,308,355,404,429,409,285],"all_points_y":[37,63,87,89,69,45,15,11]},"region_attributes":{"tshirt":"t1"}},{"shape_attributes":{"name":"polygon","all_points_x":[525,487,496,581,576,524],"all_points_y":[127,203,318,314,167,107]},"region_attributes":{"tshirt":"t2"}},{"shape_attributes":{"name":"polygon","all_points_x":[195,192,145,257,309,373,429,521,492,503],"all_points_y":[667,241,113,41,91,87,50,114,198,663]},"region_attributes":{"tshirt":"t3"}}],"file_attributes":{}},"tt67.jpg71109":{"filename":"tt67.jpg","size":71109,"regions":[{"shape_attributes":{"name":"polygon","all_points_x":[129,177,159,89,112,131],"all_points_y":[79,230,261,247,99,75]},"region_attributes":{"tshirt":"t2"}},{"shape_attributes":{"name":"polygon","all_points_x":[481,459,451,535,507],"all_points_y":[82,150,261,243,103]},"region_attributes":{"tshirt":"t2"}},{"shape_attributes":{"name":"polygon","all_points_x":[389,372,341,305,265,239,217,224,269,319,385],"all_points_y":[26,58,78,85,79,57,25,15,25,34,19]},"region_attributes":{"tshirt":"t1"}},{"shape_attributes":{"name":"polygon","all_points_x":[165,169,179,129,215,268,316,368,391,479,460,448,453],"all_points_y":[591,249,225,79,23,83,85,65,27,86,145,266,598]},"region_attributes":{"tshirt":"t3"}}],"file_attributes":{}},"tt68.jpg9376":{"filename":"tt68.jpg","size":9376,"regions":[{"shape_attributes":{"name":"polygon","all_points_x":[55,44,25,18],"all_points_y":[35,75,69,46]},"region_attributes":{"tshirt":"t2"}},{"shape_attributes":{"name":"polygon","all_points_x":[118,120,136,143],"all_points_y":[40,74,72,48]},"region_attributes":{"tshirt":"t2"}},{"shape_attributes":{"name":"polygon","all_points_x":[99,92,75,63,70,75,86,92],"all_points_y":[31,41,41,32,28,31,31,28]},"region_attributes":{"tshirt":"t1"}},{"shape_attributes":{"name":"polygon","all_points_x":[41,43,56,63,75,91,99,117,119,120],"all_points_y":[136,75,34,32,41,41,31,38,73,135]},"region_attributes":{"tshirt":"t3"}},{"shape_attributes":{"name":"polygon","all_points_x":[190,192,190,266,267,268,245,227,219],"all_points_y":[40,77,137,138,76,41,31,32,30]},"region_attributes":{"tshirt":"t4"}}],"file_attributes":{}},"tt69.jpg8164":{"filename":"tt69.jpg","size":8164,"regions":[{"shape_attributes":{"name":"polygon","all_points_x":[20,29,30,31,50,92,113,104,112,124,93,84,62,46,22],"all_points_y":[34,80,127,163,174,172,160,128,56,36,15,30,30,14,28]},"region_attributes":{"tshirt":"t3"}},{"shape_attributes":{"name":"polygon","all_points_x":[160,169,166,248,246,251,223,188,164,160],"all_points_y":[34,108,175,174,88,32,13,16,29,31]},"region_attributes":{"tshirt":"t4"}},{"shape_attributes":{"name":"polygon","all_points_x":[90,82,65,53,48,56,62,74,84,93],"all_points_y":[13,23,24,13,15,28,30,30,30,15]},"region_attributes":{"tshirt":"t1"}},{"shape_attributes":{"name":"polygon","all_points_x":[126,135,118,106,112],"all_points_y":[36,89,100,84,55]},"region_attributes":{"tshirt":"t2"}},{"shape_attributes":{"name":"polygon","all_points_x":[27,22,2,16,20,31,25,24,22],"all_points_y":[84,98,94,31,31,84,100,99,98]},"region_attributes":{"tshirt":"t2"}}],"file_attributes":{}},"tt70.jpg3522":{"filename":"tt70.jpg","size":3522,"regions":[{"shape_attributes":{"name":"polygon","all_points_x":[96,89,86,90,79,47,36,29,28,21,12,38,71],"all_points_y":[62,89,153,176,188,189,189,178,114,88,63,50,47]},"region_attributes":{"tshirt":"t4"}},{"shape_attributes":{"name":"polygon","all_points_x":[140,135,118,116,140],"all_points_y":[56,96,97,65,54]},"region_attributes":{"tshirt":"t2"}},{"shape_attributes":{"name":"polygon","all_points_x":[207,200,197,200,219,219,212],"all_points_y":[60,81,89,98,97,71,64]},"region_attributes":{"tshirt":"t2"}},{"shape_attributes":{"name":"polygon","all_points_x":[189,180,175,159,144,152,155,180,184],"all_points_y":[50,62,60,63,53,47,39,39,44]},"region_attributes":{"tshirt":"t1"}},{"shape_attributes":{"name":"polygon","all_points_x":[133,138,140,147,155,160,179,190,205,202,198,198,203],"all_points_y":[182,95,54,52,59,62,62,51,59,76,95,148,179]},"region_attributes":{"tshirt":"t3"}}],"file_attributes":{}},"tt71.jpg11796":{"filename":"tt71.jpg","size":11796,"regions":[{"shape_attributes":{"name":"polygon","all_points_x":[33,40,38,13,25,30],"all_points_y":[24,36,80,73,28,21]},"region_attributes":{"tshirt":"t2"}},{"shape_attributes":{"name":"polygon","all_points_x":[126,115,118,139,134,128],"all_points_y":[32,48,86,80,42,32]},"region_attributes":{"tshirt":"t2"}},{"shape_attributes":{"name":"polygon","all_points_x":[168,176,181,173,260,250,250,260,234,196],"all_points_y":[20,79,105,157,156,76,47,22,9,8]},"region_attributes":{"tshirt":"t4"}},{"shape_attributes":{"name":"polygon","all_points_x":[104,96,72,63,58,62,72,84,95,99,106],"all_points_y":[20,27,28,23,14,12,23,23,21,12,15]},"region_attributes":{"tshirt":"t1"}},{"shape_attributes":{"name":"polygon","all_points_x":[116,110,115,115,127,107,99,75,64,57,32,40,37,35,114],"all_points_y":[150,88,78,47,31,15,26,28,25,12,21,34,95,157,156]},"region_attributes":{"tshirt":"t3"}}],"file_attributes":{}},"tt72.jpg3654":{"filename":"tt72.jpg","size":3654,"regions":[{"shape_attributes":{"name":"polygon","all_points_x":[32,38,38,34,18,22,27],"all_points_y":[28,35,61,69,63,41,31]},"region_attributes":{"tshirt":"t2"}},{"shape_attributes":{"name":"polygon","all_points_x":[118,110,110,116,132,127,119],"all_points_y":[31,47,65,70,64,38,28]},"region_attributes":{"tshirt":"t2"}},{"shape_attributes":{"name":"polygon","all_points_x":[96,92,80,60,56,61,69,80,92],"all_points_y":[21,28,32,28,21,17,19,20,17]},"region_attributes":{"tshirt":"t1"}},{"shape_attributes":{"name":"polygon","all_points_x":[160,168,173,173,172,222,240,238,240,251,227,183],"all_points_y":[32,46,65,89,150,158,153,116,68,34,23,22]},"region_attributes":{"tshirt":"t4"}},{"shape_attributes":{"name":"polygon","all_points_x":[41,71,108,114,109,111,111,119,95,94,81,60,56,32,38,40],"all_points_y":[156,162,158,148,92,62,45,30,18,26,32,28,20,28,36,68]},"region_attributes":{"tshirt":"t3"}}],"file_attributes":{}},"tt73.jpg103052":{"filename":"tt73.jpg","size":103052,"regions":[{"shape_attributes":{"name":"polygon","all_points_x":[230,237,250,158,168,201,227],"all_points_y":[64,147,260,255,142,61,57]},"region_attributes":{"tshirt":"t2"}},{"shape_attributes":{"name":"polygon","all_points_x":[608,563,570,575,693,624],"all_points_y":[71,156,272,281,241,81]},"region_attributes":{"tshirt":"t2"}},{"shape_attributes":{"name":"polygon","all_points_x":[513,492,437,374,328,312,314,331,340,376,418,459,466,487],"all_points_y":[38,92,120,109,78,26,9,9,38,87,94,85,61,17]},"region_attributes":{"tshirt":"t1"}},{"shape_attributes":{"name":"polygon","all_points_x":[581,227,244,230,310,328,376,430,494,515,610,561,567,601],"all_points_y":[667,683,253,61,16,80,109,123,95,36,71,156,241,627]},"region_attributes":{"tshirt":"t3"}}],"file_attributes":{}},"tt74.jpg128455":{"filename":"tt74.jpg","size":128455,"regions":[{"shape_attributes":{"name":"polygon","all_points_x":[293,335,324,291,179,251],"all_points_y":[196,352,425,461,425,224]},"region_attributes":{"tshirt":"t2"}},{"shape_attributes":{"name":"polygon","all_points_x":[700,671,659,680,803,726],"all_points_y":[210,324,387,449,401,220]},"region_attributes":{"tshirt":"t2"}},{"shape_attributes":{"name":"polygon","all_points_x":[596,550,470,390,366,395,473,569],"all_points_y":[161,206,213,189,156,142,156,134]},"region_attributes":{"tshirt":"t1"}},{"shape_attributes":{"name":"polygon","all_points_x":[321,321,338,293,368,381,466,546,602,709,657,668,654,706,706,636,401],"all_points_y":[837,432,342,205,158,189,217,206,158,212,383,442,543,817,837,857,857]},"region_attributes":{"tshirt":"t3"}}],"file_attributes":{}},"tt75.jpg163945":{"filename":"tt75.jpg","size":163945,"regions":[{"shape_attributes":{"name":"polygon","all_points_x":[159,148,175,103,96,113],"all_points_y":[108,221,323,311,177,136]},"region_attributes":{"tshirt":"t2"}},{"shape_attributes":{"name":"polygon","all_points_x":[507,479,460,457,479,588,569,535],"all_points_y":[77,105,163,205,321,307,153,100]},"region_attributes":{"tshirt":"t2"}},{"shape_attributes":{"name":"polygon","all_points_x":[405,300,279,261,241,224,244,375],"all_points_y":[55,147,103,108,132,67,31,15]},"region_attributes":{"tshirt":"t1"}},{"shape_attributes":{"name":"polygon","all_points_x":[475,453,481,459,479,505,404,315,240,231,149,140,167,180,176,297,432],"all_points_y":[621,477,327,221,99,81,52,137,127,76,113,212,308,387,627,669,649]},"region_attributes":{"tshirt":"t3"}}],"file_attributes":{}},"tt76.jpg150988":{"filename":"tt76.jpg","size":150988,"regions":[{"shape_attributes":{"name":"polygon","all_points_x":[263,324,302,120,228],"all_points_y":[167,410,490,436,202]},"region_attributes":{"tshirt":"t2"}},{"shape_attributes":{"name":"polygon","all_points_x":[834,778,927,896],"all_points_y":[164,455,410,226]},"region_attributes":{"tshirt":"t2"}},{"shape_attributes":{"name":"polygon","all_points_x":[723,650,537,432,370,436,543,686],"all_points_y":[120,186,201,151,121,98,112,92]},"region_attributes":{"tshirt":"t1"}},{"shape_attributes":{"name":"polygon","all_points_x":[285,311,333,256,366,539,653,727,823,775,753,810,764,550,293],"all_points_y":[981,482,388,164,121,204,193,120,156,455,558,992,996,1029,988]},"region_attributes":{"tshirt":"t3"}}],"file_attributes":{}},"tt77.jpg202264":{"filename":"tt77.jpg","size":202264,"regions":[{"shape_attributes":{"name":"polygon","all_points_x":[178,252,209,95],"all_points_y":[185,329,427,371]},"region_attributes":{"tshirt":"t2"}},{"shape_attributes":{"name":"polygon","all_points_x":[607,571,560,590,698],"all_points_y":[182,270,380,430,373]},"region_attributes":{"tshirt":"t2"}},{"shape_attributes":{"name":"polygon","all_points_x":[473,427,351,304,293,310,374,475],"all_points_y":[171,205,205,176,153,117,121,117]},"region_attributes":{"tshirt":"t1"}},{"shape_attributes":{"name":"polygon","all_points_x":[216,229,259,189,297,308,367,416,455,495,612,585,563,574,410],"all_points_y":[774,378,328,189,140,182,207,218,189,149,189,243,392,767,801]},"region_attributes":{"tshirt":"t3"}},{"shape_attributes":{"name":"polygon","all_points_x":[914,943,916,1287,1269,1291,1210,1107,1006],"all_points_y":[182,373,769,765,380,175,140,153,135]},"region_attributes":{"tshirt":"t4"}}],"file_attributes":{}},"tt78.jpg132279":{"filename":"tt78.jpg","size":132279,"regions":[{"shape_attributes":{"name":"polygon","all_points_x":[221,315,341,177,101,146,185],"all_points_y":[221,411,650,663,642,380,237]},"region_attributes":{"tshirt":"t2"}},{"shape_attributes":{"name":"polygon","all_points_x":[1241,1183,1137,1155,1168,1376,1407,1332,1282],"all_points_y":[257,341,419,590,679,627,585,382,276]},"region_attributes":{"tshirt":"t2"}},{"shape_attributes":{"name":"polygon","all_points_x":[1007,960,822,720,564,458,533,926],"all_points_y":[127,255,205,203,286,81,23,8]},"region_attributes":{"tshirt":"t1"}},{"shape_attributes":{"name":"polygon","all_points_x":[375,393,364,346,315,216,445,544,718,819,957,1017,1248,1134,1165,1157,757,429],"all_points_y":[1451,1293,661,627,401,213,91,278,205,205,255,109,247,408,629,1443,1495,1472]},"region_attributes":{"tshirt":"t3"}}],"file_attributes":{}},"tt79.jpg9831":{"filename":"tt79.jpg","size":9831,"regions":[{"shape_attributes":{"name":"polygon","all_points_x":[54,54,39,4,49],"all_points_y":[23,89,104,71,19]},"region_attributes":{"tshirt":"t2"}},{"shape_attributes":{"name":"polygon","all_points_x":[173,172,223,195],"all_points_y":[92,13,65,102]},"region_attributes":{"tshirt":"t2"}},{"shape_attributes":{"name":"polygon","all_points_x":[144,126,106,96,92,88,94,110,126,136],"all_points_y":[12,39,41,33,25,7,3,5,2,2]},"region_attributes":{"tshirt":"t1"}},{"shape_attributes":{"name":"polygon","all_points_x":[53,54,54,92,92,102,128,147,173,174,178],"all_points_y":[219,89,19,3,33,42,38,13,15,93,220]},"region_attributes":{"tshirt":"t3"}}],"file_attributes":{}},"tt80.jpg23449":{"filename":"tt80.jpg","size":23449,"regions":[{"shape_attributes":{"name":"polygon","all_points_x":[107,107,123,139,139,113,75,86,97],"all_points_y":[91,86,157,196,211,215,203,119,97]},"region_attributes":{"tshirt":"t2"}},{"shape_attributes":{"name":"polygon","all_points_x":[398,371,357,376,447,424,411],"all_points_y":[73,116,183,215,196,106,87]},"region_attributes":{"tshirt":"t2"}},{"shape_attributes":{"name":"polygon","all_points_x":[302,277,262,248,202,186,187,200,226,265,285,286],"all_points_y":[36,79,65,67,66,77,44,15,9,4,7,7]},"region_attributes":{"tshirt":"t1"}},{"shape_attributes":{"name":"polygon","all_points_x":[131,139,144,139,109,181,185,275,304,402,370,357,373,357,357,376,375,301,179],"all_points_y":[465,337,218,199,92,51,79,79,38,76,119,183,207,276,353,449,463,490,487]},"region_attributes":{"tshirt":"t3"}}],"file_attributes":{}},"tt81.jpg15601":{"filename":"tt81.jpg","size":15601,"regions":[{"shape_attributes":{"name":"polygon","all_points_x":[104,137,142,138,71,83,93],"all_points_y":[78,124,196,235,229,106,84]},"region_attributes":{"tshirt":"t2"}},{"shape_attributes":{"name":"polygon","all_points_x":[387,367,363,363,429,425,403],"all_points_y":[76,107,156,233,230,109,87]},"region_attributes":{"tshirt":"t2"}},{"shape_attributes":{"name":"polygon","all_points_x":[304,326,310,304,261,239,201,197,195,181,187,197,242,257],"all_points_y":[85,28,23,2,7,7,2,2,17,31,65,79,66,66]},"region_attributes":{"tshirt":"t1"}},{"shape_attributes":{"name":"polygon","all_points_x":[144,141,136,107,182,194,298,327,387,368,360],"all_points_y":[489,157,119,79,29,78,81,34,76,108,493]},"region_attributes":{"tshirt":"t3"}}],"file_attributes":{}},"tt82.jpg322222":{"filename":"tt82.jpg","size":322222,"regions":[{"shape_attributes":{"name":"polygon","all_points_x":[293,310,286,244,130],"all_points_y":[154,314,425,439,352]},"region_attributes":{"tshirt":"t2"}},{"shape_attributes":{"name":"polygon","all_points_x":[707,692,699,733,876,720],"all_points_y":[151,227,413,435,338,147]},"region_attributes":{"tshirt":"t2"}},{"shape_attributes":{"name":"polygon","all_points_x":[616,588,555,511,480,444,418,404,397,425,444,487,543,569],"all_points_y":[106,158,196,212,212,198,184,151,113,95,113,116,120,94]},"region_attributes":{"tshirt":"t1"}},{"shape_attributes":{"name":"polygon","all_points_x":[279,279,312,290,397,418,473,520,562,610,713,702,695,700],"all_points_y":[896,420,317,151,107,186,212,210,196,109,140,175,420,903]},"region_attributes":{"tshirt":"t3"}}],"file_attributes":{}},"tt83.jpg37860":{"filename":"tt83.jpg","size":37860,"regions":[{"shape_attributes":{"name":"polygon","all_points_x":[99,115,100,47,44,76],"all_points_y":[42,107,179,161,154,62]},"region_attributes":{"tshirt":"t2"}},{"shape_attributes":{"name":"polygon","all_points_x":[312,288,289,301,356,329],"all_points_y":[51,99,158,177,151,79]},"region_attributes":{"tshirt":"t2"}},{"shape_attributes":{"name":"polygon","all_points_x":[144,157,184,209,232,256,245,227,204,180,164,159,145],"all_points_y":[14,38,46,49,37,13,5,21,29,30,9,5,18]},"region_attributes":{"tshirt":"t1"}},{"shape_attributes":{"name":"polygon","all_points_x":[91,116,115,105,99,140,159,200,227,257,305,312,293,289,285,295,223,137],"all_points_y":[350,171,130,55,47,15,39,49,49,14,45,50,81,162,215,363,389,373]},"region_attributes":{"tshirt":"t3"}}],"file_attributes":{}},"tt84.jpg24110":{"filename":"tt84.jpg","size":24110,"regions":[{"shape_attributes":{"name":"polygon","all_points_x":[79,96,93,84,43,55],"all_points_y":[39,54,107,141,126,65]},"region_attributes":{"tshirt":"t2"}},{"shape_attributes":{"name":"polygon","all_points_x":[257,235,227,239,281,276,263],"all_points_y":[42,65,79,135,130,65,54]},"region_attributes":{"tshirt":"t2"}},{"shape_attributes":{"name":"polygon","all_points_x":[204,183,155,135,124,120,131,152,184,199],"all_points_y":[22,42,47,39,33,22,6,17,18,2]},"region_attributes":{"tshirt":"t1"}},{"shape_attributes":{"name":"polygon","all_points_x":[359,383,377,367,547,535,527,535,548,493,483,423,415],"all_points_y":[49,151,241,327,329,271,229,145,54,30,11,6,21]},"region_attributes":{"tshirt":"t4"}},{"shape_attributes":{"name":"polygon","all_points_x":[76,100,189,247,239,237,221,260,211,207,183,156,124,120,77,96,87],"all_points_y":[291,307,314,301,265,139,69,41,23,19,42,45,33,25,37,57,139]},"region_attributes":{"tshirt":"t3"}}],"file_attributes":{}},"tt85.jpg13148":{"filename":"tt85.jpg","size":13148,"regions":[{"shape_attributes":{"name":"polygon","all_points_x":[132,143,145,132,130,89,129],"all_points_y":[55,73,121,137,137,107,55]},"region_attributes":{"tshirt":"t2"}},{"shape_attributes":{"name":"polygon","all_points_x":[266,261,255,256,270,309],"all_points_y":[55,73,83,125,139,108]},"region_attributes":{"tshirt":"t2"}},{"shape_attributes":{"name":"polygon","all_points_x":[231,218,202,194,181,168,178,196,218],"all_points_y":[32,63,54,54,60,31,19,21,19]},"region_attributes":{"tshirt":"t1"}},{"shape_attributes":{"name":"polygon","all_points_x":[143,144,143,130,161,169,180,216,230,264,256,258,259],"all_points_y":[231,122,73,53,34,30,59,63,34,50,82,142,238]},"region_attributes":{"tshirt":"t3"}}],"file_attributes":{}},"tt86.jpg64036":{"filename":"tt86.jpg","size":64036,"regions":[{"shape_attributes":{"name":"polygon","all_points_x":[133,169,208,247,289,271,217,156],"all_points_y":[35,77,65,81,33,3,17,3]},"region_attributes":{"tshirt":"t1"}},{"shape_attributes":{"name":"polygon","all_points_x":[53,103,87,27,33],"all_points_y":[83,206,239,235,114]},"region_attributes":{"tshirt":"t2"}},{"shape_attributes":{"name":"polygon","all_points_x":[369,347,333,332,349,396,389,371],"all_points_y":[90,141,206,233,243,233,122,86]},"region_attributes":{"tshirt":"t2"}},{"shape_attributes":{"name":"polygon","all_points_x":[103,99,48,133,165,248,292,367,344,328,343],"all_points_y":[526,205,79,30,75,79,34,83,145,233,529]},"region_attributes":{"tshirt":"t3"}}],"file_attributes":{}},"tt87.jpg48633":{"filename":"tt87.jpg","size":48633,"regions":[{"shape_attributes":{"name":"polygon","all_points_x":[91,137,136,32,28,57],"all_points_y":[103,237,394,381,246,148]},"region_attributes":{"tshirt":"t2"}},{"shape_attributes":{"name":"polygon","all_points_x":[617,554,556,658,657,644],"all_points_y":[131,271,396,386,248,170]},"region_attributes":{"tshirt":"t2"}},{"shape_attributes":{"name":"polygon","all_points_x":[467,491,433,388,304,272,257,219,212,234,259,273,392,432],"all_points_y":[61,129,122,161,164,118,108,126,121,61,19,12,7,12]},"region_attributes":{"tshirt":"t1"}},{"shape_attributes":{"name":"polygon","all_points_x":[153,153,163,166,147,146,125,98,97,230,208,486,464,625,550,515,529],"all_points_y":[819,673,612,493,355,302,196,116,108,60,120,127,56,133,272,487,819]},"region_attributes":{"tshirt":"t3"}}],"file_attributes":{}},"tt88.jpg10054":{"filename":"tt88.jpg","size":10054,"regions":[{"shape_attributes":{"name":"polygon","all_points_x":[100,113,100,55,67],"all_points_y":[41,95,141,122,67]},"region_attributes":{"tshirt":"t2"}},{"shape_attributes":{"name":"polygon","all_points_x":[287,297,323,336,285],"all_points_y":[81,54,67,129,149]},"region_attributes":{"tshirt":"t2"}},{"shape_attributes":{"name":"polygon","all_points_x":[243,208,189,144,151,152,233],"all_points_y":[29,53,53,27,18,6,5]},"region_attributes":{"tshirt":"t1"}},{"shape_attributes":{"name":"polygon","all_points_x":[105,113,105,113,101,137,189,212,247,295,285,285,281,288],"all_points_y":[359,275,130,98,42,26,58,59,23,47,91,135,151,367]},"region_attributes":{"tshirt":"t3"}}],"file_attributes":{}},"tt89.jpg17906":{"filename":"tt89.jpg","size":17906,"regions":[{"shape_attributes":{"name":"polygon","all_points_x":[60,93,67,27,5,32,55],"all_points_y":[70,143,207,203,187,86,61]},"region_attributes":{"tshirt":"t2"}},{"shape_attributes":{"name":"polygon","all_points_x":[332,305,299,323,364,379,353],"all_points_y":[67,114,166,209,199,186,97]},"region_attributes":{"tshirt":"t2"}},{"shape_attributes":{"name":"polygon","all_points_x":[81,80,99,55,121,168,208,249,331,308,291,296,297,199,136],"all_points_y":[462,170,138,59,23,95,98,25,65,110,263,455,470,478,474]},"region_attributes":{"tshirt":"t3"}},{"shape_attributes":{"name":"polygon","all_points_x":[232,227,196,135,125,171,211,251],"all_points_y":[15,19,26,18,23,97,99,23]},"region_attributes":{"tshirt":"t1"}}],"file_attributes":{}},"tt90.jpg10831":{"filename":"tt90.jpg","size":10831,"regions":[{"shape_attributes":{"name":"polygon","all_points_x":[49,68,64,64,52,11,31],"all_points_y":[29,49,110,129,133,117,43]},"region_attributes":{"tshirt":"t2"}},{"shape_attributes":{"name":"polygon","all_points_x":[244,232,232,240,275,287,265,248],"all_points_y":[30,51,106,131,126,113,41,29]},"region_attributes":{"tshirt":"t2"}},{"shape_attributes":{"name":"polygon","all_points_x":[196,183,152,127,116,101,109,149,187],"all_points_y":[9,26,31,31,27,6,2,13,-1]},"region_attributes":{"tshirt":"t1"}},{"shape_attributes":{"name":"polygon","all_points_x":[63,71,68,65,47,101,115,187,201,247,229,233,223,236],"all_points_y":[299,230,119,47,27,7,29,29,6,29,50,121,253,299]},"region_attributes":{"tshirt":"t3"}}],"file_attributes":{}},"tt91.jpg26246":{"filename":"tt91.jpg","size":26246,"regions":[{"shape_attributes":{"name":"polygon","all_points_x":[140,169,167,53,125],"all_points_y":[66,107,219,167,66]},"region_attributes":{"tshirt":"t2"}},{"shape_attributes":{"name":"polygon","all_points_x":[471,437,435,457,539],"all_points_y":[67,117,217,219,182]},"region_attributes":{"tshirt":"t2"}},{"shape_attributes":{"name":"polygon","all_points_x":[384,343,293,252,220,232,280,317,367],"all_points_y":[26,39,46,41,31,18,25,25,15]},"region_attributes":{"tshirt":"t1"}},{"shape_attributes":{"name":"polygon","all_points_x":[136,183,167,172,137,217,291,383,472,440,432,435,428,455,413],"all_points_y":[570,355,221,102,63,29,47,29,70,117,217,281,355,565,590]},"region_attributes":{"tshirt":"t3"}}],"file_attributes":{}},"tt92.jpg143240":{"filename":"tt92.jpg","size":143240,"regions":[{"shape_attributes":{"name":"polygon","all_points_x":[133,175,156,71,115],"all_points_y":[85,203,333,322,99]},"region_attributes":{"tshirt":"t2"}},{"shape_attributes":{"name":"polygon","all_points_x":[520,480,503,584,543],"all_points_y":[86,206,362,318,97]},"region_attributes":{"tshirt":"t2"}},{"shape_attributes":{"name":"polygon","all_points_x":[409,387,323,296,268,248,265,321,397],"all_points_y":[38,66,74,74,62,34,19,26,18]},"region_attributes":{"tshirt":"t1"}},{"shape_attributes":{"name":"polygon","all_points_x":[192,176,484,475,472,481,525,413,392,345,295,268,249,135,175],"all_points_y":[417,641,649,455,351,199,81,33,62,79,75,61,37,86,205]},"region_attributes":{"tshirt":"t3"}}],"file_attributes":{}},"tt93.jpg15737":{"filename":"tt93.jpg","size":15737,"regions":[{"shape_attributes":{"name":"polygon","all_points_x":[59,83,75,45,11,55],"all_points_y":[61,98,125,143,105,54]},"region_attributes":{"tshirt":"t2"}},{"shape_attributes":{"name":"polygon","all_points_x":[235,219,217,255,291],"all_points_y":[55,74,123,145,98]},"region_attributes":{"tshirt":"t2"}},{"shape_attributes":{"name":"polygon","all_points_x":[99,115,137,163,185,195,177,117],"all_points_y":[33,54,66,66,53,30,19,19]},"region_attributes":{"tshirt":"t1"}},{"shape_attributes":{"name":"polygon","all_points_x":[75,72,85,56,95,119,137,165,185,192,233,221,227],"all_points_y":[273,126,97,54,33,61,63,65,54,31,50,71,275]},"region_attributes":{"tshirt":"t3"}}],"file_attributes":{}},"tt94.jpg23401":{"filename":"tt94.jpg","size":23401,"regions":[{"shape_attributes":{"name":"polygon","all_points_x":[276,300,292,284,253,220,241,255],"all_points_y":[193,230,353,364,361,336,218,199]},"region_attributes":{"tshirt":"t2"}},{"shape_attributes":{"name":"polygon","all_points_x":[528,504,498,498,516,542,577,562,553],"all_points_y":[210,256,315,382,390,388,368,263,230]},"region_attributes":{"tshirt":"t2"}},{"shape_attributes":{"name":"polygon","all_points_x":[342,391,423,471,473,458,437,405,366,354],"all_points_y":[172,207,210,188,172,163,193,193,184,163]},"region_attributes":{"tshirt":"t1"}},{"shape_attributes":{"name":"polygon","all_points_x":[279,295,301,270,330,355,413,469,475,520,498,498,495,480,344],"all_points_y":[619,355,232,195,169,199,217,197,184,211,267,410,617,634,630]},"region_attributes":{"tshirt":"t3"}}],"file_attributes":{}},"tt95.jpg387454":{"filename":"tt95.jpg","size":387454,"regions":[{"shape_attributes":{"name":"polygon","all_points_x":[325,278,251,137,23,296],"all_points_y":[79,399,390,412,227,92]},"region_attributes":{"tshirt":"t2"}},{"shape_attributes":{"name":"polygon","all_points_x":[922,882,1168,1067,925],"all_points_y":[399,96,240,429,399]},"region_attributes":{"tshirt":"t2"}},{"shape_attributes":{"name":"polygon","all_points_x":[760,719,640,564,511,478,448,482,547,599,651,727],"all_points_y":[41,130,188,178,152,116,29,15,51,62,56,21]},"region_attributes":{"tshirt":"t1"}},{"shape_attributes":{"name":"polygon","all_points_x":[284,275,323,448,488,514,552,599,634,722,756,771,878,926,919],"all_points_y":[985,397,78,26,134,158,173,185,189,133,48,47,90,401,990]},"region_attributes":{"tshirt":"t3"}}],"file_attributes":{}},"tt96.jpg11466":{"filename":"tt96.jpg","size":11466,"regions":[{"shape_attributes":{"name":"polygon","all_points_x":[66,82,79,44],"all_points_y":[42,64,125,117]},"region_attributes":{"tshirt":"t2"}},{"shape_attributes":{"name":"polygon","all_points_x":[218,190,192,202,242],"all_points_y":[41,58,95,125,112]},"region_attributes":{"tshirt":"t2"}},{"shape_attributes":{"name":"polygon","all_points_x":[174,150,131,119,110,107,105,116,121,162,174],"all_points_y":[17,36,40,40,34,22,17,9,9,7,13]},"region_attributes":{"tshirt":"t1"}},{"shape_attributes":{"name":"polygon","all_points_x":[79,81,84,65,104,108,118,146,154,178,216,190,196,197],"all_points_y":[271,123,65,42,19,34,41,38,37,17,38,56,127,269]},"region_attributes":{"tshirt":"t3"}}],"file_attributes":{}},"tt97.jpg11925":{"filename":"tt97.jpg","size":11925,"regions":[{"shape_attributes":{"name":"polygon","all_points_x":[86,101,68,34,64],"all_points_y":[87,118,159,123,106]},"region_attributes":{"tshirt":"t2"}},{"shape_attributes":{"name":"polygon","all_points_x":[228,222,232,253,281],"all_points_y":[85,116,147,159,124]},"region_attributes":{"tshirt":"t2"}},{"shape_attributes":{"name":"polygon","all_points_x":[190,177,157,140,130,122,134,153,164,180],"all_points_y":[65,91,98,91,79,65,60,65,65,58]},"region_attributes":{"tshirt":"t1"}},{"shape_attributes":{"name":"polygon","all_points_x":[80,82,102,85,120,141,158,177,191,228,222,236,236],"all_points_y":[277,150,118,83,65,93,98,92,69,84,115,152,277]},"region_attributes":{"tshirt":"t3"}}],"file_attributes":{}},"tt98.jpg11285":{"filename":"tt98.jpg","size":11285,"regions":[{"shape_attributes":{"name":"polygon","all_points_x":[150,172,170,156,98],"all_points_y":[147,171,254,273,235]},"region_attributes":{"tshirt":"t2"}},{"shape_attributes":{"name":"polygon","all_points_x":[356,332,339,350,360,415],"all_points_y":[148,184,225,271,276,229]},"region_attributes":{"tshirt":"t2"}},{"shape_attributes":{"name":"polygon","all_points_x":[312,287,266,238,219,208,200,188,202,227,258,286,298],"all_points_y":[124,158,170,171,164,158,149,124,117,126,129,120,110]},"region_attributes":{"tshirt":"t1"}},{"shape_attributes":{"name":"polygon","all_points_x":[204,158,172,150,187,200,230,264,288,312,356,333,350,350,286,204,166],"all_points_y":[402,456,169,143,126,153,170,173,160,126,145,185,273,448,459,452,456]},"region_attributes":{"tshirt":"t3"}}],"file_attributes":{}},"tt99.jpg18595":{"filename":"tt99.jpg","size":18595,"regions":[{"shape_attributes":{"name":"polygon","all_points_x":[151,161,156,142,86],"all_points_y":[145,209,252,267,225]},"region_attributes":{"tshirt":"t2"}},{"shape_attributes":{"name":"polygon","all_points_x":[354,340,344,350,364,411,365],"all_points_y":[148,168,218,255,265,221,153]},"region_attributes":{"tshirt":"t2"}},{"shape_attributes":{"name":"polygon","all_points_x":[308,298,284,255,215,200,193,203,244,300],"all_points_y":[119,141,161,173,162,144,120,117,128,117]},"region_attributes":{"tshirt":"t1"}},{"shape_attributes":{"name":"polygon","all_points_x":[154,156,160,150,194,212,251,286,308,356,340,356,274],"all_points_y":[463,254,203,147,121,164,175,160,121,145,171,465,465]},"region_attributes":{"tshirt":"t3"}}],"file_attributes":{}},"tt100.jpg10981":{"filename":"tt100.jpg","size":10981,"regions":[{"shape_attributes":{"name":"polygon","all_points_x":[146,166,150,140,84],"all_points_y":[149,184,266,275,225]},"region_attributes":{"tshirt":"t2"}},{"shape_attributes":{"name":"polygon","all_points_x":[354,338,349,368,418],"all_points_y":[150,183,245,267,220]},"region_attributes":{"tshirt":"t2"}},{"shape_attributes":{"name":"polygon","all_points_x":[306,303,282,258,231,217,203,195,193,200,218,246,276],"all_points_y":[120,133,163,175,173,164,149,127,123,120,129,130,127]},"region_attributes":{"tshirt":"t1"}},{"shape_attributes":{"name":"polygon","all_points_x":[147,150,164,150,194,238,260,278,296,308,355,338,355,360],"all_points_y":[462,269,189,153,124,175,174,164,143,124,148,190,255,468]},"region_attributes":{"tshirt":"t3"}}],"file_attributes":{}},"tt101.jpg7511":{"filename":"tt101.jpg","size":7511,"regions":[{"shape_attributes":{"name":"polygon","all_points_x":[34,61,47,10,23],"all_points_y":[27,52,108,101,38]},"region_attributes":{"tshirt":"t2"}},{"shape_attributes":{"name":"polygon","all_points_x":[176,157,162,174,206,186],"all_points_y":[26,58,105,105,94,35]},"region_attributes":{"tshirt":"t2"}},{"shape_attributes":{"name":"polygon","all_points_x":[136,122,102,87,74,68,79,95,110,126,132],"all_points_y":[9,22,26,23,16,8,3,7,7,2,1]},"region_attributes":{"tshirt":"t1"}},{"shape_attributes":{"name":"polygon","all_points_x":[34,50,62,36,66,76,88,99,111,124,132,136,144,175,162,158,162,158,162,167],"all_points_y":[233,105,51,27,7,15,21,24,25,23,14,8,8,25,49,71,109,137,178,235]},"region_attributes":{"tshirt":"t3"}}],"file_attributes":{}}}